species,model,GHMI_estimate,GHMI_se,GHMI_tval,GHMI_pval,adj_r2,dev_exp,dev_exp_diff_comp_null,sample_size,model_weight_comp_null,spatial_pval
Bombus impatiens,duration,28.448114855752987,12.91148451948321,2.2033186666355262,0.028826557158831093,0.07681876861779069,0.11030203512119448,0.006635822823287063,190,0.7060547639752126,0.3444646649559789
Bombus impatiens,onset,-0.0075677219513357345,0.07683956429566502,-0.09848730950915445,0.9216529803122608,0.021444884430889433,0.04995009903872067,8.173507293018981e-4,190,0.25202962310645416,0.43411007050449635
Bombus impatiens,offset,28.29061930554161,7.303867557208597,3.8733751788283746,1.4903092284473244e-4,0.09717006146986085,0.12018675870336414,0.04050135351214357,190,0.9960389265706794,0.6012693408482337
Papilio glaucus,duration,-2.4185508052222753,12.210005756794354,-0.19807941563634837,0.8432083333454133,0.2527199969726167,0.2866883782097131,-6.34238886217553e-4,188,0.23560275210490833,0
Papilio glaucus,onset,0.17258084172032914,0.08253500138711718,2.091001863692549,0.037947963137316736,0.20890358159166023,0.22220758347491645,0.007969361115094498,188,0.6290521659068921,4.636633808070001e-4
Papilio glaucus,offset,21.372285902304935,5.817272116199009,3.6739360778380665,3.1306978916255157e-4,0.18694593114190095,0.1999965603555847,0.05793749579218044,188,0.9966071833704081,9.556513402841915e-7
Xylocopa virginica,duration,44.30375500404784,19.70010539541621,2.248909542095971,0.026028952373459244,0.21383447891577867,0.2417676511371686,0.03143676609180951,151,0.7933089856388851,7.336233946442228e-6
Xylocopa virginica,onset,-0.3482776765754348,0.175529186370081,-1.9841582119633117,0.049153499163145105,0.12625706470458686,0.15284128259857918,0.018194681519464656,151,0.7781008341371992,0.027297663598757682
Xylocopa virginica,offset,2.0950666063292127,11.851181327416247,0.17678124639630097,0.8599262601515376,0.16222046304875526,0.1880251670417982,-2.8583382831093296e-4,151,0.25951974821252805,3.722117882704046e-5
Danaus plexippus,duration,3.4728654198186883,13.854549923800754,0.2506660583648876,0.8024447920623017,0.2909360956569924,0.33825118299665324,-0.0011461543665207685,149,0.23391832126808937,1.0330361631671892e-6
Danaus plexippus,onset,0.1054266658008744,0.07443673716659052,1.416325725896985,0.1589201657443867,0.15043099489655298,0.18004991532541292,0.021627918260820694,149,0.45971364993351393,0.014505217624632583
Danaus plexippus,offset,23.077462975193846,7.035440984116474,3.280172916991921,0.0013025099815284695,0.43435685700848436,0.4521314336810161,0.040892242418681446,149,0.985712440845836,0
Apis mellifera,duration,49.995166931980165,25.189810090421993,1.9847377472285905,0.04944860894359111,0.33555663323611895,0.389615333766591,0.012980251856208824,132,0.7671130518946785,1.8833558192432598e-6
Apis mellifera,onset,-0.3609430971720461,0.19545688819601054,-1.8466634791099334,0.06729297285661945,0.40243225358632906,0.4519600305745905,-8.895433507375428e-4,132,0.38610295526816957,0
Apis mellifera,offset,-1.8860702209459446,16.453198701228217,-0.11463243440955655,0.9089233436762157,0.08461549542789859,0.14031647338388886,-6.591807182572684e-4,132,0.23807041770904114,0.16459760723678207
Epargyreus clarus,duration,7.997203382659044,13.02701962477489,0.613893554551027,0.540519581962879,0.1462868589172931,0.16837086211151178,0.0027646362087870857,117,0.2899463852544938,6.371909619157234e-5
Epargyreus clarus,onset,0.1511411244807117,0.0817700251898411,1.8483683248209284,0.06716366740143935,0.12322213721118058,0.13602593206935085,0.02409404577752315,117,0.6250904687799318,3.8203475293679956e-4
Epargyreus clarus,offset,27.358909511189406,6.891421763814826,3.9699949370163883,1.2918173551934814e-4,0.22132898810010815,0.2684996376734058,0.10104374669122723,117,0.998157650157087,0.14450178388685259
Atteva punctella,duration,-37.54192451833657,21.796574059807313,-1.7223773064209913,0.08855448083935624,0.0014582100944429133,0.034748048319377584,0.032913680458185435,91,0.599940844449318,0.7218298381659374
Atteva punctella,onset,0.08921349531048674,0.10412498200640855,0.8567924199496711,0.39391353750387714,-0.007986332774962523,0.023330171138014343,0.008298241370528708,91,0.3196898074802365,0.6724972949622061
Atteva punctella,offset,-19.581712032097908,14.008054660462985,-1.3978894647924442,0.16583377244669856,0.08836444808258603,0.15074344935346948,0.005972441137240103,91,0.4548891025143062,0.2225595465319244
Phyciodes tharos,duration,13.629338028957417,20.624239229007426,0.6608407649668904,0.5106868316288172,0.3212862683728258,0.3467426846052953,0.00370542605437324,81,0.2874339822519528,4.473213879307991e-7
Phyciodes tharos,onset,0.14147858017010034,0.15710543062182744,0.9005327162156291,0.3706448347986008,0.1701562404508702,0.21703825257472617,0.006880898456107176,81,0.35610594578888694,4.732422385922419e-5
Phyciodes tharos,offset,33.11070574269737,13.003883570638132,2.546216717708781,0.012968993370524144,0.1644071584726946,0.22680743842085335,0.02875464443362849,81,0.8975234804285159,0.3036190612925022
Junonia coenia,duration,-13.857847274641053,26.69303307355973,-0.519155962398581,0.6053454279100319,0.2126317933673999,0.2598084910229417,0.008714808933403484,73,0.23167223311862534,9.42071387620369e-4
Junonia coenia,onset,0.19324502743198488,0.15162850227698443,1.2744637355777495,0.2068993275069711,0.2393089558969832,0.3027662261637799,0.03506803113351464,73,0.297082368351765,1.7014637070350558e-4
Junonia coenia,offset,8.758260743716598,12.982581028134568,0.67461629738621,0.5021737581288235,-0.003856548366455659,0.0379785442844123,0.006344546834493717,73,0.2862559831632261,0.414061057049056
Dione vanillae,duration,18.91897001344365,18.49850203886221,1.0227298390809219,0.3106547672616567,0.14377324305672134,0.2189175094083176,0.022564679404387417,65,0.28743903594791664,0.10822026729828044
Dione vanillae,onset,-0.06776152029936419,0.07344912843319039,-0.9225639806059828,0.35994496895266004,0.15970245870184274,0.19553211435933407,0.005018613930688698,65,0.3247180689696169,0.0286492060111595
Dione vanillae,offset,10.49154459494565,10.605130376311484,0.9892895440852335,0.3268761383524389,0.17723647751839788,0.2965656433923248,0.06222003561816089,65,0.29698006311285696,0.2089714538218631
Pieris rapae,duration,39.293488263892094,32.05286326177768,1.2258963557476843,0.22536810262614548,0.16596633170765407,0.20838201177447277,0.021246617063873124,60,0.4018518581742916,0.007331056149918858
Pieris rapae,onset,0.017851351069549062,0.2206997365146505,0.08088523960863023,0.9358216085750698,0.1781677102135557,0.23508579339142296,9.690390039709951e-5,60,0.2281693674345096,6.711651514788031e-4
Pieris rapae,offset,39.950619058134336,16.28613153104361,2.4530453399558363,0.01744578793446279,0.10452352331300752,0.18539250070693808,0.1300976337006026,60,0.7378413067791257,0.6233721468542486
Bombus griseocollis,duration,27.218381224256756,28.829900938139662,0.9441024886855927,0.3493779849199635,0.12858733020634705,0.18526575461795858,0.032391172875080254,58,0.18416555187736586,0.02173142039567799
Bombus griseocollis,onset,-0.2679521222234606,0.11963686291657073,-2.2397120393429084,0.029476397253557773,0.4648581098236617,0.4738301688859389,0.0326957419777924,58,0.6826705962231031,3.7329296795729494e-5
Bombus griseocollis,offset,-4.593935592168791,21.190604966619407,-0.21679114869091318,0.8292253734484518,0.06487560879933718,0.15286770827004015,-0.004979056991588154,58,0.22461925622444412,0.5004724824909434
Elkalyce comyntas,duration,-18.931955470093982,32.802405455253904,-0.5771514377480412,0.5666917574149923,0.34818589178927084,0.47220103837243044,0.03223370212234783,57,0.19061348937787673,0.01483884454781742
Elkalyce comyntas,onset,0.019989710513453822,0.23954897724515103,0.08344727973101147,0.9338521330699954,0.2929168317525854,0.4036179015016218,0.005354823701950173,57,0.16637584560926946,0.04152077520234032
Elkalyce comyntas,offset,-2.937233620175941,19.268409124966627,-0.1524377856587072,0.8794320040984129,-0.00858363704394871,0.06409518377125989,0.003299167172244294,57,0.2143940680091966,0.6571548031518791
Hylephila phyleus,duration,-7.4852918732942575,21.49926844523648,-0.34816495697800115,0.7290954471681227,0.3446634073065278,0.37977542306827133,0.0014204782173908304,57,0.24253041978982887,6.66449860953211e-6
Hylephila phyleus,onset,-0.18652104967658742,0.11959035150737347,-1.559666372124404,0.12479071877378593,0.40932482562921746,0.4518003677697362,0.02580415112022627,57,0.5195634949753486,4.7587358720235784e-7
Hylephila phyleus,offset,-44.90891463020815,14.265812258296672,-3.148009648317792,0.0026986266261285153,0.16675466248796467,0.21139710143851462,0.14745257276800328,57,0.9754357381924357,0.013880143974468795
Hypena scabra,duration,165.00740440257144,64.96596929560594,2.539905217942033,0.014665492763075978,0.26124606261668704,0.34475200991017513,0.13756003564011102,51,0.7036305858017677,0.07311774390850362
Hypena scabra,onset,-0.9832320795183698,0.42178171530422726,-2.3311396484059856,0.024086165630202116,0.2230288435078629,0.18795092949628353,0.07305325204915628,51,0.7328304318726973,0.006816982280682726
Hypena scabra,offset,45.56822380890546,35.155410793463346,1.2961937516991902,0.20169357437387037,0.21859189089541076,0.31512141897241003,0.03719318295425578,51,0.3847983611318957,0.1149876506397039
Lon zabulon,duration,-10.820591856818602,28.518643082305932,-0.37942169357742395,0.7061164527226039,0.31773862292129174,0.3707766556841294,-0.011069911128546939,51,0.29454134888885464,3.8583828518945484e-4
Lon zabulon,onset,-0.03923743417577956,0.2405484744964188,-0.16311653714671015,0.8711260468340418,0.33864071070163115,0.37812947608182484,3.803563018913714e-4,51,0.22213076637619036,4.424034565797541e-5
Lon zabulon,offset,-19.504191537827644,12.193821101532548,-1.5995143257740851,0.11640812710281623,0.04743326427253536,0.10461081408146594,0.04761721680520833,51,0.5392899150970865,0.1360337895338069
Bombus bimaculatus,duration,-13.363239252048425,32.46629942291723,-0.411603400744084,0.6825417419915929,0.05749303050801802,0.1152022994722434,0.0032596940110180134,50,0.24129681454732832,0.06188987210964181
Bombus bimaculatus,onset,-0.21996679254005155,0.23191260807635874,-0.9484900125293146,0.3484286916777699,0.525387894396891,0.5542675677301581,-0.010446832430474284,50,0.3049170832126428,3.3683121945704553e-4
Bombus bimaculatus,offset,-45.909828627891656,23.401309660833586,-1.9618486868164577,0.0558476704084086,0.12368221457058215,0.17735074713537274,0.06881485824423847,50,0.683949165348772,0.10075107148821993
Pyrrharctia isabella,duration,112.10944606740445,46.80092273358173,2.3954537543115784,0.020921004816958577,0.1284789472459612,0.18411494159122777,0.106397008584083,48,0.8446190023187208,0.1302482190639097
Pyrrharctia isabella,onset,-0.17931205393155975,0.3061922211071699,-0.5856192338367701,0.5611233564503146,3.994737623641553e-4,0.0688839684742276,0.007877403879017308,48,0.25324994028921183,0.19050487536406835
Pyrrharctia isabella,offset,81.01356314584214,27.82902037872599,2.91111803589656,0.0056338024662025,0.17420206033471142,0.22693756305202956,0.13406648468086516,48,0.9669191336351427,0.28854059114142283
Papilio polyxenes,duration,-15.591540184781918,37.34341189493124,-0.4175178269369172,0.678478100924151,0.01380330718648659,0.0810485223151117,0.0039024469008960977,45,0.2362335438882829,0.18191712143687566
Papilio polyxenes,onset,0.2500079892141327,0.23282814194555126,1.0737876749993525,0.2891971652929994,-0.02962053453358582,0.03878486375305797,0.026533042438605922,45,0.33311261307926765,0.6445105143005125
Papilio polyxenes,offset,24.125159788433173,20.076587443728418,1.2016563998265284,0.23639215298022206,0.18483260892518705,0.24043427725472186,0.026793433484156887,45,0.3793712118578139,0.0062204704263929544
Papilio troilus,duration,-62.31288734357474,23.364897268724164,-2.6669446318082324,0.01103569612356714,0.21999271937029619,0.29898254765349574,0.09229720653242729,45,0.8970544819288485,0.24923366144147263
Papilio troilus,onset,0.4199285494735852,0.1322471650077931,3.175331202365204,0.002930202094213947,0.32903155126431516,0.3809648588202003,0.11181940109481286,45,0.9615142725425793,0.3052850297141516
Papilio troilus,offset,3.970272953411917,9.788331673643214,0.4056128343201291,0.6871361073519399,0.014425777145572027,0.08162811070207346,0.0036828222361813406,45,0.23524451702845564,0.21174203015418575
Microcrambus elegans,duration,-5.263545763711125,17.297932911208733,-0.30428755798332685,0.7624862905006904,0.30345731702451795,0.35205885303244455,0.0015012137569302975,44,0.22688946946470806,2.210479801402765e-4
Microcrambus elegans,onset,0.02791784143392183,0.11014658825360071,0.25346079144679445,0.8012783341840507,0.4418718941854948,0.5009757526701863,-0.006893060316048527,44,0.21879050152173116,1.6990617773970929e-4
Microcrambus elegans,offset,2.7500911989648147,13.064759578195865,0.21049688534295857,0.8343485355205541,-0.025056914233569483,0.04647635839144003,0.0010447017353582555,44,0.22236094996741074,0.387059223706034
Battus philenor,duration,28.86093703156934,19.035586189633914,1.5161569884979929,0.13814968950055603,0.1705050665263712,0.2838452534330504,0.07210358065339437,43,0.3555252663333568,0.32210430722471417
Battus philenor,onset,0.20385871642255776,0.15828464537924702,1.2879247758625993,0.20640494585320138,0.24427225588481605,0.37199900731527047,0.051721039029305915,43,0.23135275655276713,0.19554569327486815
Battus philenor,offset,61.99543078444773,16.907347804848165,3.6667744403217752,8.441876346046046e-4,0.4875684982026196,0.5912604419249214,0.20837839185213347,43,0.984489424070803,0.040491222314164355
Udea rubigalis,duration,46.819802259830254,40.87654041813122,1.1453954219438502,0.26092628589005995,0.5052860986668308,0.6216077154470201,0.012711137043891152,41,0.37290301941786935,0.0033820701173759016
Udea rubigalis,onset,-0.10930573509239726,0.24690157375297642,-0.4427097544617395,0.6622008709785998,0.9065393792936157,0.9423034324268035,-0.0031088684800801847,41,0.0018605799148068872,0
Udea rubigalis,offset,-1.2249235356093338,38.9494719797966,-0.03144904085592511,0.9751064764325371,0.39749880810008587,0.5172732899447322,-0.0025091357164898076,41,0.1361505709888531,0.011093974553164798
Eutrapela clemataria,duration,33.21071712899843,60.62752568344244,0.5477828223174276,0.5873178597884807,0.2925854806857222,0.3484503406863311,0.0055923142963267836,39,0.23961625879105422,9.316450634108131e-4
Eutrapela clemataria,onset,0.06662642051228146,0.4889435183192691,0.13626608803672885,0.8923917187183195,0.10869895140031138,0.17169668289797532,4.651138385921294e-4,39,0.2047247236170058,0.023074375366148314
Eutrapela clemataria,offset,40.02473630771486,39.14059692284801,1.0225888068751128,0.3136322391913361,0.16129401046585623,0.23990377863100412,0.032472100330082354,39,0.2552036608138151,0.06900839472274284
Costaconvexa centrostrigaria,duration,-26.088270735869592,70.52166646390785,-0.36993270357871166,0.7139231825723268,0.2673456166039907,0.38000227931574077,-1.6005600333379721e-4,38,0.1627006011840682,0.04566907733596992
Costaconvexa centrostrigaria,onset,0.1935131203686373,0.391199155246809,0.49466650879281465,0.6244781787319365,0.6497086220601801,0.7010611413827738,0.0031836483598747245,38,0.13552141979038593,6.854338544193261e-6
Costaconvexa centrostrigaria,offset,-13.975806436868318,53.02614879710719,-0.2635644253619784,0.7938011538223954,0.09039790995678532,0.21131878333836912,-0.002964739974119862,38,0.19259515077699405,0.355701103820747
Speyeria cybele,duration,39.148218326748975,26.124970592749413,1.498498082046223,0.14350990948837178,0.25563034640720106,0.31766631142511154,0.046410785322277825,37,0.4690111328318009,0.0026656937792989277
Speyeria cybele,onset,-0.0718984070161007,0.1678049186995124,-0.4284642403411839,0.6711599461781338,0.14088393373841146,0.25450700019150296,0.007608614853638063,37,0.19447921256067713,0.054766283688919504
Speyeria cybele,offset,27.069512131858417,17.503017914724605,1.5465625564541012,0.13254441816056983,0.32275395067820534,0.4404819214545974,0.04806079894813531,37,0.2604555562677185,0.0673979871778303
Scopula limboundata,duration,40.54050134373468,28.142977984350896,1.4405192430693552,0.1603734016395234,0.41828254196115566,0.5153934819880417,0.014022799725749713,36,0.4651968362322843,0.008886572436850926
Scopula limboundata,onset,0.20714001854942465,0.18001523108717576,1.1506805135233984,0.25838999272892355,0.37624837353747653,0.43231836376592053,0.021369612009624894,36,0.3227126367212148,1.3512153627076584e-4
Scopula limboundata,offset,66.69723275948918,23.198583816892256,2.875056222652824,0.007809503620076003,0.4174530042783471,0.552962784895576,0.15521800593726043,36,0.7231710621973289,0.33831270902783595
Phoebis sennae,duration,-7.740438136686497,45.13638742086966,-0.1714899791272963,0.8654539985575193,0.5939183171025915,0.7450809744584406,0.005663117645092641,35,0.05395837920842788,0.004758589143465608
Phoebis sennae,onset,0.23195256519685228,0.20464533184827513,1.1334368739416096,0.2711556165144772,0.7275252588380237,0.8339547458983668,0.03659057619159667,35,0.007251581270367602,3.1678794231149165e-4
Phoebis sennae,offset,13.67108230679354,16.247516939385058,0.8414259457489119,0.4070303663829081,0.19492989579825615,0.3169073220958948,0.020087155639727683,35,0.2326075942906931,0.13557614576281957
Bombus pensylvanicus,duration,-50.231457095303504,29.304612814830797,-1.714114341407774,0.0999782935804454,0.4575703106626319,0.6226068423387131,-0.03227771924580214,34,0.49182690613102614,0.04533034872163211
Bombus pensylvanicus,onset,0.30779975685564337,0.13578744563332473,2.266776250337709,0.033891934613394605,0.6132783318295798,0.7608659781363833,-0.01781551080682575,34,0.7171069892068399,0.004102056275234689
Bombus pensylvanicus,offset,2.739644419291899,19.82788871705059,0.13817126262848134,0.8913404169626575,0.42627393403340497,0.6108032937834771,-0.0017951363432543443,34,0.08167551891928365,0.04997900655074888
Vespula maculifrons,duration,137.8102105314558,88.75931553908003,1.552628134798753,0.13170653505035831,0.244672815682361,0.35700556920688026,0.10407216531948427,34,0.2138116542929007,0.22972434646257522
Vespula maculifrons,onset,-0.44632501051088647,0.5953920012274987,-0.7496321912130394,0.46047635078029747,0.3013881942441604,0.4897451866996147,0.004471923762808638,34,0.15599522496384588,0.12876020230997576
Vespula maculifrons,offset,67.99372816207126,41.72629679423151,1.6295174359079745,0.1143595365398885,0.08864500974727141,0.22363627440195968,0.13467207685235433,34,0.23811483623425753,0.8267348075426537
Coccinella septempunctata,duration,94.67751636558158,48.91657125953399,1.9354896291331671,0.06346757563441219,0.27714116404909384,0.34944599745765964,0.09027187929806185,31,0.6416554968359749,0.00787926877611378
Coccinella septempunctata,onset,-0.33864231218753305,0.5747157812045849,-0.5892344064012827,0.5647875218820954,0.5084505113780782,0.8341036883038505,-0.0012187562541818853,31,0.035254765892473436,0.0027388857176736114
Coccinella septempunctata,offset,85.85452868149207,46.92221644239388,1.829720230434876,0.07835515494558468,0.23348677326347878,0.31014538414528725,0.0855314745263801,31,0.5941941454427392,0.014112630802629922
Iridopsis larvaria,duration,85.5586359854569,45.452959045321244,1.8823556877814314,0.0725130874707478,0.5506791605463112,0.6558687263973646,0.06301885104488292,31,0.35803214794094906,0.0017157667080385797
Iridopsis larvaria,onset,-0.2967825637798865,0.3195811500390823,-0.9286610419406536,0.361293373501707,0.16537645627290198,0.26948267375293755,0.022781660166930062,31,0.2660518993353074,0.011272234724059194
Iridopsis larvaria,offset,50.53294100316845,22.83116086671776,2.213332090215049,0.03657084423866818,0.48371625451434663,0.5845020084990559,0.08476702340437797,31,0.745511881967205,0.003676480055929965
Euptoieta claudia,duration,-43.81754004866379,34.59707913568435,-1.2665098078603174,0.2169239124315563,0.2505805861197318,0.34942191092972724,0.0862435711703256,30,0.12972363317778207,0.030987657249046785
Euptoieta claudia,onset,0.16545768838492309,0.17334199135701575,0.9545159086360435,0.3499452675078173,0.41713826154208034,0.5759567595546321,-0.04068548498918867,30,0.43136652164419903,0.006315826051456974
Euptoieta claudia,offset,-8.068003057937412,22.28837448340023,-0.36198256916161564,0.7203672745828769,-0.0686294011883466,0.0665415257308777,0.032689555037356426,30,0.13004640963056635,0.9486370411411631
Prochoerodes lineola,duration,-45.05292189171263,38.37879925282592,-1.1739012884410467,0.25107594463204175,0.2848075638651856,0.35880065089610597,0.033989928431339744,30,0.33722751961605113,0.005473248928854202
Prochoerodes lineola,onset,0.12391596499151372,0.1408963545908955,0.8794831161623324,0.387196381939538,0.5895169234197802,0.6330551587995445,0.008412504433781498,30,0.26805701357763395,3.6631503059214587e-6
Prochoerodes lineola,offset,-27.524874384186496,37.36212576999018,-0.7367052547715283,0.46804260307217216,-0.004874200249264327,0.11861993403558228,0.05847823956421651,30,0.10682375499310817,0.5045101211149849
Toxomerus geminatus,duration,76.0949110309767,53.526518121910236,1.4216301321461904,0.1670189754472038,0.24312654482015306,0.3214357615992708,0.05274012609714873,30,0.4189517282007332,0.00854644551672834
Toxomerus geminatus,onset,-0.0332326918145411,0.4268845791732276,-0.07784936124632286,0.9385439349749515,0.29147469155405725,0.36941081581694707,1.636507201542292e-4,30,0.18112610404672488,0.003309972678669726
Toxomerus geminatus,offset,73.19014194350423,52.128178767935246,1.4040417999127275,0.17313858409268146,0.10294844057174912,0.2589800094224464,0.06637585966883927,30,0.30619129751631685,0.6730372783193255
Pleuroprucha insulsaria,duration,-85.11658270208028,53.36700620434516,-1.5949289412294232,0.12329393296954375,0.06252465712379973,0.16298455826860078,-0.0835197592630525,29,0.9230832866387629,0.2288846546192601
Pleuroprucha insulsaria,onset,0.029346581418930144,0.20319073729960827,0.14442873631418593,0.8866138666214712,0.5656512011938895,0.7241882194115846,-0.007182911009846915,29,0.037171550379641836,0.0010351578694299812
Pleuroprucha insulsaria,offset,-46.4691467061031,47.30323291370191,-0.9823672473058981,0.3372780893114069,0.32553478007838454,0.502079021185351,0.008636170763666295,29,0.13822073901354065,0.15834742498508853
Vanessa atalanta,duration,28.915930167449186,28.345558618931612,1.0201220782481468,0.3204822311110967,0.7059313909219963,0.8004097068370409,0.002648362614385169,29,0.10069244976703867,2.4884554629395206e-4
Vanessa atalanta,onset,-0.08340683415205559,0.18373996130572207,-0.4539395434685885,0.6548145715185855,0.5211501624184733,0.6381845307810639,-0.002348998358324139,29,0.0727306197580606,0.009783103193306608
Vanessa atalanta,offset,19.1045038710311,21.566089848514263,0.8858584938311036,0.3858359738634546,0.6117483791122914,0.7120128242079978,-0.0060919311080737115,29,0.22944318587579468,7.865680238460793e-4
Abaeis nicippe,duration,-34.26074499873194,41.07186339651299,-0.8341658294870713,0.4137180547745948,0.32769671839216874,0.48496647503428125,-0.046301218631179974,28,0.3513071369540685,0.12105631171332437
Abaeis nicippe,onset,0.20360042218584273,0.2721721400598839,0.7480575423371626,0.4631505152584403,0.4233714026359455,0.5088688329152412,-0.03291281136346369,28,0.23406723229738652,0.049620337267300696
Abaeis nicippe,offset,10.941959487683686,27.33186950544142,0.4003370309339902,0.6925441865087661,-0.06352091622686284,0.07940288622772344,-0.02891038611149592,28,0.25697282423967227,0.9041481711488353
Idia americalis,duration,-86.38553159830437,45.7521845711118,-1.888118182947896,0.07168993423719847,0.021721170236297604,0.13464779725770668,0.13419778847654895,27,0.6042260044324287,0.8334364047806306
Idia americalis,onset,0.5729745733109198,0.25604643344133493,2.2377760377677713,0.036154358621236046,0.1340012287418647,0.3001965772078427,0.2952077230116563,27,0.05250153782184781,0.5749503426330624
Idia americalis,offset,-24.897003686052276,34.53462342401071,-0.7209287728541515,0.4782183198445289,-0.09214235690270867,0.03394624568248866,-0.05702697110287952,27,0.5084991373232185,0.8716110785642295
Toxomerus marginatus,duration,47.624602035924724,48.73628199633937,0.9771898898545821,0.33864223906751423,0.5040051547186783,0.5612387743124945,0.018216444870083892,27,0.2748171253459276,1.0428199373585523e-4
Toxomerus marginatus,onset,-0.239830974817231,0.417929140060024,-0.5738555937563623,0.5739417480532782,0.49419470820858735,0.7539526086114892,0.0030172375650525662,27,0.021571042223343825,0.004362962957567995
Toxomerus marginatus,offset,111.04411901432312,46.63713575259385,2.3810235603533414,0.0361878746823075,0.8736180147271018,0.9458920292109155,0.045717450552183236,27,0.0018791961988103869,1.2081820259607357e-4
Vanessa virginiensis,duration,18.8182478241936,63.08996108818825,0.2982764214720172,0.7682665794345576,0.0359420608338612,0.17699042078424898,0.012031803568600258,27,0.15196494095906685,0.5687562600516989
Vanessa virginiensis,onset,0.7972482286464873,0.40529181172015544,1.9670968067742967,0.06134936541401441,0.025704727335409072,0.15535270515646124,-0.12598039158082416,27,0.9797646557014658,0.3945097606193561
Vanessa virginiensis,offset,101.3811299704279,64.27477797122745,1.57730813190535,0.12838123006511215,0.03514072802455237,0.1465013100919372,-0.024758302213947397,27,0.8637850099060344,0.7856806048740563
Lerema accius,duration,-86.63443574578348,45.38066181795098,-1.9090606499598022,0.07459519550256426,0.6343252878593622,0.7689950379502507,-0.01541667718417683,26,0.9498369110265799,0.006882969502672032
Lerema accius,onset,0.6530961398844793,0.29724251607448565,2.197182787003528,0.04747093711533211,0.6900601057079444,0.8833039282351317,-0.01813587158472052,26,0.15464370149263873,8.18088467974043e-4
Lerema accius,offset,5.606363420683803,18.49686492361437,0.303098035469045,0.7646627477572521,-0.11203128263721251,0.02141819624247101,0.004086309340563962,26,0.18340138977225373,0.8712349785283693
Urbanus proteus,duration,0.5160841547826045,24.228762527548152,0.0213004751767993,0.983267608399981,0.5523127127189025,0.7115637506361008,0.4168129988621417,26,5.586190639680993e-6,0.019307493956271016
Urbanus proteus,onset,-0.09478574203768271,0.1227436406686955,-0.7722252779964741,0.45293656897542034,0.6671343251779727,0.8183713293660367,0.029779963917684227,26,0.0037811618450692666,0.0062887211447032465
Urbanus proteus,offset,-19.095836461820824,15.901686444877514,-1.200868632897252,0.24257249833408262,-0.06355647799845787,0.06407340454773534,0.06134900591186372,26,0.3269018416044936,0.9466140252125779
Calycopis cecrops,duration,-17.42264295108344,69.61216930047942,-0.2502815689578496,0.8050420588877722,0.16157237009487302,0.33277123531280917,-0.011042461095308098,25,0.1388902126691467,0.2883765641620512
Calycopis cecrops,onset,0.6242555033706945,0.498671323737572,1.2518375804966313,0.22602379596351885,0.1730085845136865,0.38017082697083665,0.05696383986666875,25,0.13841781925210514,0.16027596764388224
Calycopis cecrops,offset,53.874545828028275,30.94254875992829,1.74111532459788,0.09629592234098666,0.009827625605884904,0.13360423474710342,0.12507131014500103,25,0.5265795695588523,0.4402571321834266
Galgula partita,duration,-50.334474986694815,82.83464738332033,-0.6076500181593121,0.551006837701022,0.5207863305381659,0.6404543947677729,-0.05676144502010483,25,0.6538329485050486,0.012985215080886847
Galgula partita,onset,0.9171281055572074,0.6069231802893833,1.5111106896920912,0.14566281886292545,0.5550250510206083,0.6078307327222306,0.009064889485743022,25,0.678612496763633,9.999764915197273e-5
Galgula partita,offset,-10.74152496968904,56.89912658060768,-0.18878189552649408,0.8522131983652858,0.3227027489228338,0.4492753189201339,-0.007946951662398283,25,0.1594085015749807,0.037139405429354955
Ectropis crepuscularia,duration,-38.41015648343108,94.56872898858803,-0.4061612849641469,0.6891970715036355,0.101358169437337,0.26335943238057685,0.0145496972559441,24,0.12833469103375086,0.3860530865407875
Ectropis crepuscularia,onset,0.7841261046178712,0.8202263691802921,0.9559874372260205,0.3504923213276586,-0.06663727191527569,0.08099133646651398,0.033978481887791484,24,0.22275715448324998,0.7627330489660598
Ectropis crepuscularia,offset,38.05926150984351,59.08179376942163,0.6441791807875248,0.5270522629789062,0.09674962013564536,0.24312720205948954,0.019931849145672836,24,0.1672928381997292,0.2236532019315678
Polygrammate hebraeicum,duration,60.85598066873721,37.28600368975742,1.6321400699065673,0.1191137061392877,0.3554425732900024,0.4433429761994184,0.07804925112804456,23,0.4638343510606492,0.020000948634356974
Polygrammate hebraeicum,onset,-0.2612400475450377,0.2816328878212149,-0.9275906999571625,0.3652544005576204,0.08794243646266542,0.20679751068061886,0.03494377716141117,23,0.22359826099286031,0.20089966964892675
Polygrammate hebraeicum,offset,25.613672385291366,25.03529325402833,1.0231025506829232,0.3208758082349191,0.25856580427743137,0.43810510614855896,0.0643628580364971,23,0.08476899883788902,0.30394674840056046
Polistes metricus,duration,98.17747329058719,87.44039380295403,1.1227931282174808,0.279360021497733,0.49828361719249914,0.6453969925021021,0.0702864048306795,22,0.10530792710435348,0.023951129233818702
Polistes metricus,onset,-0.4010663990147955,0.6596576205385639,-0.60799176198003,0.5536589349077101,0.7606721368817061,0.82050491549311,0.013224802018407034,22,0.022654144287243445,0.00256973902152019
Polistes metricus,offset,135.377217948597,70.08265126448543,1.9316794599807008,0.07042180712046726,0.3732975233033584,0.4979271379920808,0.1493910681562748,22,0.333792592740557,0.34825795125980186
Spodoptera ornithogalli,duration,-104.38097891070964,47.36810709207215,-2.2036130493417914,0.04081370277221282,0.14344823171934917,0.26581902943032776,0.1980635287702383,22,0.7167926291447138,0.5553923393672577
Spodoptera ornithogalli,onset,0.23340064351989684,0.20161650510926407,1.1576465101079283,0.26213949501807604,0.627318862159428,0.6402169232885077,0.02617802213302911,22,0.2653539146500452,1.685446002028801e-4
Spodoptera ornithogalli,offset,-70.9285078190948,26.052265820132362,-2.722546603385396,0.01396597653772006,0.6023957204939849,0.6591985815384342,0.14032027415735293,22,0.8904892036184705,9.10991889057633e-5
Chauliognathus pensylvanicus,duration,-12.370183083807962,15.381826497767252,-0.8042076853229072,0.4346617378656007,0.4424056185084697,0.60792245355235075,0.006248720915593031,21,0.0773203807272284,0.050227589088768565
Chauliognathus pensylvanicus,onset,0.07740019043573113,0.047903193742021476,1.6157626327080232,0.12455085775689068,0.12361885749000667,0.26054966070765845,0.11381551745355636,21,0.41408685808382883,0.09446695529050919
Chauliognathus pensylvanicus,offset,13.703270345682286,11.621101495724776,1.179171384977879,0.2599774173628867,0.553915318450541,0.7171120314201589,0.06146848616166889,21,0.026082753433008865,0.03454508545660656
Cisseps fulvicollis,duration,88.68165907252404,65.97523782826241,1.3441658111694548,0.1965594792228874,0.0230054271700616,0.16956612448817043,0.08826618822267118,21,0.33409685867675015,0.7300627106398808
Cisseps fulvicollis,onset,-0.38754200321784055,0.3941435711355302,-0.9832508547617039,0.3392724180455453,0.040932841000869025,0.1619326672280011,0.03675014080191222,21,0.27782594329147814,0.6516074088258081
Cisseps fulvicollis,offset,13.938415363267163,41.520537204732634,0.3356993021197814,0.7415914097084332,0.11396987338088116,0.31221893792882294,0.007682561933023968,21,0.09537459296883391,0.3714043968587741
Glenoides texanaria,duration,17.95461331314507,38.663878859139345,0.4643769286200567,0.648330809542483,0.3400050752062611,0.444845697513158,-0.021206397893232753,21,0.29794900087442694,0.01128415452006909
Glenoides texanaria,onset,-0.23583602075986462,0.2845936724939223,-0.8286762621712929,0.4195299639475907,0.28037381271052764,0.41347853912464466,-0.00753448338975421,21,0.253429507565266,0.1081633523546261
Glenoides texanaria,offset,-26.430540459998596,32.06474674543941,-0.8242865808306385,0.42499886484060134,0.371611581803986,0.6012779247931085,0.0276000067468839,21,0.02278959871905766,0.22378940921052715
Scolia dubia,duration,25.588099825525212,34.99872674306674,0.7311151635136048,0.4762627666711454,0.26005316124442945,0.45903725438321014,-0.5100057716033417,21,1,0.23285554377711354
Scolia dubia,onset,0.030327721741182895,0.08444595331375707,0.35913765611125165,0.7248324925055638,0.3634355558958253,0.5451983775613479,0.0017611480665058465,21,0.03833231882435445,0.15918611832383883
Scolia dubia,offset,32.56878772617385,25.206304357501537,1.2920889656908867,0.21430814333583525,0.041420210790046985,0.21710035617732013,0.08274507025070207,21,0.2557776926116921,0.6725516750460757
Tetraopes tetrophthalmus,duration,-3.792089586220914,12.530540295688171,-0.30262777954800507,0.7668062246253783,0.34820425933806365,0.5619652804941444,0.001936582535287612,21,0.04335015934532889,0.15918768688130797
Tetraopes tetrophthalmus,onset,-0.16515953307195058,0.07516536492219042,-2.197282395195183,0.04581337692606461,0.5914734866811694,0.7240200754351882,0.06629343336192761,21,0.4982204368823976,0.00926655977498797
Tetraopes tetrophthalmus,offset,-30.730035985907428,10.036973273738552,-3.061683552183174,0.007676694182395902,0.5165753464976659,0.625459767288286,0.21136275182228897,21,0.9126501158019864,0.024185868287368184
Alaus oculatus,duration,29.68429987140716,50.583208115099566,0.5868409888882891,0.5654996566522132,0.007188979925393357,0.16395247540779911,0.017995624180978054,20,0.16845426740376077,0.678454424608922
Alaus oculatus,onset,-0.3509244186160079,0.31298178036811597,-1.1212295431486952,0.2787378469569889,0.2138748690072544,0.28908478876235616,0.02200045888490737,20,0.40807950214017324,0.6115724031686938
Alaus oculatus,offset,-22.03540019855561,43.23243817505522,-0.5096959859013889,0.6172226144137417,-0.16802316877321943,0.016410158847865817,0.015969448302166817,20,0.16131121039631924,0.9485641335339269
Chauliognathus marginatus,duration,-32.865749028525165,14.664188391008459,-2.241225231986056,0.045058803963636075,0.5987040941357394,0.7508539002789111,0.24822108328294412,20,4.612981169881698e-4,0.024138709265449143
Chauliognathus marginatus,onset,0.08734132419117709,0.1255602257275801,0.6956129911766478,0.49962086879460055,0.5813633520780428,0.7188154748293237,0.01350328144861046,20,0.02156761664816889,0.02445548584031798
Chauliognathus marginatus,offset,-26.10043115716299,10.120289888725376,-2.579020111493098,0.028082093227189346,0.7514376006685641,0.8730401583932765,0.1296399926098687,20,0.013241984149348563,0.006035416672993343
Hemaris diffinis,duration,14.563267134300975,63.430315538014355,0.2295947452062268,0.8213160350505642,0.12963747189749597,0.2670651530887958,0.0024139167964296604,20,0.14473713899830137,0.11238437953390218
Hemaris diffinis,onset,0.21878551713953462,0.3002086266002687,0.7287782487038592,0.47667015463403584,-0.02558778695572328,0.13232358611716205,0.028553153108081722,20,0.16925563157928158,0.41328424943654385
Hemaris diffinis,offset,49.98637658577098,38.970536154292766,1.282671000159303,0.21821749916729954,0.2565355321854722,0.38552321479591567,0.03094295746186948,20,0.4456218775358287,0.2603111331573667
Strymon melinus,duration,-82.95301493450603,51.73301330248025,-1.603483146235539,0.13034580161092366,0.1759079626211102,0.37000267308887363,0.09565695592810519,20,0.32821720007983507,0.7012634741997612
Strymon melinus,onset,0.5559596435860779,0.22804652314900253,2.4379220341053887,0.027468529000876492,0.2994694673755487,0.4384184569016166,0.2260149921399504,20,0.47480137730450317,0.7493135046828312
Strymon melinus,offset,-2.3916899242671334,33.047871487434776,-0.07237046794909271,0.9432369863702225,-0.10492323269564952,0.10279953389812296,-0.004616173374689933,20,0.13018085949955224,0.8490621331151552
Darapsa myron,duration,30.612809358405347,35.113322074329794,0.871828911363114,0.39768337218179284,0.35848760742461316,0.48962700955959354,0.04419966275187481,19,0.10380675060344123,0.031020555468887545
Darapsa myron,onset,-0.1874607870175989,0.22317475325864658,-0.8399730896099289,0.4188248051942127,0.6230569310944203,0.8006917995386499,0.008381338026938745,19,0.029755380017480775,0.007247237233129533
Darapsa myron,offset,2.571911676002385,21.50070786203419,0.11961986054160802,0.9063898967048774,0.013947012851672769,0.18769261029513065,-0.006224726183934909,19,0.14344499159272034,0.6535156379047633
Dolichovespula maculata,duration,-20.687660737405572,50.64870919252805,-0.40845385928329875,0.6887121054719546,0.1671832221200169,0.30600788526374034,0.007724747161035939,19,0.14499071418515677,0.06500950302411207
Dolichovespula maculata,onset,0.3254844202361486,0.2586362319276285,1.2584641285959715,0.22745994544822412,-0.008950438523781967,0.15731834273090067,0.08871339404096765,19,0.261881347018561,0.41423234243875223
Dolichovespula maculata,offset,34.12267267783101,23.330460130132465,1.4625803557881767,0.16513317818838752,0.4335652301070857,0.5483324058398271,-0.3489376350483159,19,0.9999997098704729,0.028559572459074922
Hypoprepia fucosa,duration,-159.49108062828412,66.29339929271418,-2.405836513588052,0.04658570307672732,0.9011080099435329,0.9610045554518816,-0.032381277406013376,19,1,0.001371375509214623
Hypoprepia fucosa,onset,0.4989546724812851,0.3504107168366138,1.4239138488276688,0.1903169132761888,0.82328359015525,0.9215397721009705,-0.07161127296724756,19,0,0.0026632087210355926
Hypoprepia fucosa,offset,-95.65549674222035,52.76471329170653,-1.8128686914945358,0.11865209112718178,0.8205200465824262,0.9387486334335213,-0.044641602264341884,19,1,0.020146900228904918
Marimatha nigrofimbria,duration,68.09926370829864,54.161143554022644,1.2573453815718185,0.23232208606551016,0.2883711773740105,0.520934655185525,0.16362945546330532,19,0.0022935699684561365,0.33295676590977796
Marimatha nigrofimbria,onset,0.005744660509007553,0.32013509393781847,0.017944488491859527,0.9859260357198074,0.0014998286220658796,0.17881536363833664,-0.017658432239096633,19,0.14505786330648646,0.47050331043991284
Marimatha nigrofimbria,offset,54.294016742317076,25.85327292378433,2.10008291415854,0.055534615260222325,0.2630380669200494,0.46074041929267895,0.29094478300739723,19,0.03557342267907032,0.33761614492522696
Polistes fuscatus,duration,66.06226767778324,74.93792378961443,0.8815598876644984,0.39655778493019744,0.3339332488633272,0.5859732954846179,0.14154894401433593,19,0.0013560034953105124,0.2688171898005147
Polistes fuscatus,onset,0.19596849167516175,0.42873616752872257,0.4570841149342343,0.6667174573374337,0.8411632551063113,0.9793237562027179,-0.0010939335818818119,19,1.164103713015075e-16,0.001258371703809713
Polistes fuscatus,offset,14.041244967502642,46.580690776684406,0.3014391743312419,0.7672183006130346,0.04144305982070551,0.20121727764462297,0.0048513033380171156,19,0.13918277788613137,0.20063001857952312
Argyrotaenia velutinana,duration,-77.3463424886329,48.69470507683424,-1.588393283552902,0.14876268735109455,0.5706421842732174,0.7860596918906193,0.5870153498318388,18,1.5178680779429064e-15,0.19548216793801
Argyrotaenia velutinana,onset,1.279606307954854,0.4779164973874739,2.677468375646813,0.01803476273193322,0.39684414258374345,0.5207707628261578,0.21256651984776376,18,0.7782107421402615,0.11357674236030424
Argyrotaenia velutinana,offset,52.92066041684399,26.987954423296166,1.9608992807236458,0.0707188406742699,0.24073900678558435,0.39316139633492575,0.025229152990782266,18,0.8971052968073352,0.4321772363473534
Crambus agitatellus,duration,-6.140608263482924,18.159210318786602,-0.3381539260619808,0.7402646705463491,0.3195034048822165,0.4395957160974958,0.0045608802352774536,18,0.13150792269665978,0.03479425334916625
Crambus agitatellus,onset,0.03599314977823426,0.08846402984819628,0.4068676256326812,0.6945830559720292,0.6819139222292678,0.860874853188369,-0.025000735111110672,18,0.4989714191654415,0.024022336821458323
Crambus agitatellus,offset,11.428408282811796,12.79816780181309,0.8929722175695147,0.38756478032698294,0.347276819608884,0.48339067669373964,-0.005358064000311913,18,0.3006823992137218,0.0374456985669116
Erynnis horatius,duration,12.35214062359715,30.133535122041902,0.40991342614036275,0.6880731814983214,0.4256969047695377,0.5270599001515501,0.005659825174173405,18,0.13543722834121413,0.00533677615334166
Erynnis horatius,onset,0.24226602770421815,0.22817318935965153,1.0617637785759009,0.31421672315527227,0.599700242973848,0.7834887285692161,0.3562532690603825,18,6.887725617515661e-9,0.030564097907667898
Erynnis horatius,offset,26.849324998258588,17.823207013820998,1.5064250208976584,0.15562457764280008,0.40653103566027016,0.5414510566179124,0.041704717711976313,18,0.4482488750574353,0.03239131454402311
Mythimna unipuncta,duration,24.279656824409443,68.96545014600069,0.3520553664626145,0.7333822035873678,0.7800351594321587,0.8902214425164239,0.00481242203460952,18,2.7775763369206362e-5,0.012618236387535342
Mythimna unipuncta,onset,0.09486319420179187,0.6030676100609654,0.1573010929772898,0.8772536770084448,0.30127193489331516,0.2688518007455752,9.268392209674792e-4,18,0.1127466500851632,0.06247338703707184
Mythimna unipuncta,offset,-3.1210425117258263,19.21564525498377,-0.16242194682046146,0.8793506395585485,0.9734388236854813,0.9941444158738805,-0.0056014817512353154,18,0,0.001427130036164237
Chlosyne nycteis,duration,-8.870060974809705,46.61471368127962,-0.19028457485456798,0.8520254135834133,0.13801022453721734,0.2996413227230467,0.0019526567042467136,17,0.1153579621473149,0.10032454262081641
Chlosyne nycteis,onset,0.471078739643059,0.27984193181214095,1.6833743842195033,0.11614833873426941,-0.0196941298690545,0.22134314976322772,0.17159469166982744,17,0.38048803515043944,0.6120984115314937
Chlosyne nycteis,offset,51.64903785020664,24.155961458448683,2.138148710787171,0.052070667227567695,0.46273005168238945,0.5634750798722831,0.1535190109486731,17,0.6225379247266724,0.01336230984267861
Ilexia intractata,duration,37.48337435448941,46.935810679703906,0.7986092881250278,0.4801539081752662,0.9397638366423811,0.988096829336222,0.007569134305780989,17,0,0.01676446429469075
Ilexia intractata,onset,-0.8615481241988995,0.8354469806836444,-1.0312421304029329,0.3212323924141492,-0.05982283786406972,0.2176577099942534,0.05930752637743547,17,0.17474678303274005,0.17729444314738213
Ilexia intractata,offset,-194.38701896500865,61.89150379325864,-3.1407706559261483,0.022128532728143253,0.8226143473738632,0.9381990813447713,0.41679159468420346,17,5.558444187790079e-32,0.013623906804706709
Panopoda rufimargo,duration,45.9784496127489,37.079006881788104,1.2400129744395039,0.2391957840333887,0.6530376214150243,0.7455479293570522,0.06766883918624378,17,0.022633926761734258,0.003061515526039116
Panopoda rufimargo,onset,-0.06788444237037705,0.16192173597573448,-0.4192423083986092,0.6818839590757171,0.608943284993205,0.7054378749126942,0.003972331225254089,17,0.11146185345393542,3.089501771020853e-4
Panopoda rufimargo,offset,43.26976565775522,22.227016959398554,1.946719424239197,0.08285860105202938,0.7170164418333493,0.838076734866896,0.09643966848138885,17,9.01329745361177e-4,0.02076824618717793
Agrochola bicolorago,duration,10.91199470951586,31.943174373616074,0.3416064597051688,0.7397125541566776,0.17953345989195457,0.4526853890750132,0.2917656313820205,16,5.713157675774214e-5,0.5239181612507213
Agrochola bicolorago,onset,0.0438957751107155,0.06750751679640747,0.6502353692418958,0.5277931318682082,0.30967342179566604,0.4390196517438236,0.019740716450533213,16,0.11461365986576855,0.03086117377794051
Agrochola bicolorago,offset,12.735634923724982,23.41396063355519,0.5439333875650748,0.5980780385565184,0.5531455568206604,0.6935506941276371,0.1260424992016912,16,1.8362470197117158e-4,0.03110362963769897
Protographium marcellus,duration,-48.17038462970085,40.05462620634486,-1.2026172552839955,0.25237670992064476,0.47461294370315177,0.5807934312715985,0.019360136794983607,16,0.4377165622920055,0.008320937444718235
Protographium marcellus,onset,-0.42032348621996946,0.44846793205793695,-0.9372431252579916,0.3909563609317411,0.9097276460360958,0.9701519415734714,0.003272740477714642,16,4.469557837791629e-10,0.0024979692452145597
Protographium marcellus,offset,-47.929158032039226,56.10926909101813,-0.8542110565420222,0.4181506427070405,0.6548807469451408,0.8183445177304002,0.08054440379480043,16,2.559245358347802e-6,0.07691303802781913
Eristalis transversa,duration,-74.38683022478965,65.52535236467773,-1.1352373934716726,0.28040692338019596,-0.1345924370898881,0.10853887574008877,0.10444055768317692,15,0.18209404463757442,0.9013145031735671
Eristalis transversa,onset,0.47754278214500673,0.40437613045840626,1.1809371181322146,0.26707622008222515,0.24745279799295972,0.5491205107878434,0.11506227996593626,15,0.007919699298416374,0.26409274290726326
Eristalis transversa,offset,54.16761294510701,26.51970586002078,2.0425419961676967,0.21072586039907149,0.9953710031380253,0.9994779717320805,0.004552469929388736,15,1,0.00416702263554436
Iridopsis defectaria,duration,-181.98270721692379,238.88091664397535,-0.7618135001053608,0.46219293266025807,-0.12121858447036948,0.11904720924148049,0.0464800700866114,15,0.12479666167756569,0.7385651654670466
Iridopsis defectaria,onset,2.7548690308907773,2.076249959801589,1.3268484451429146,0.21144370949052105,-0.08712306187181151,0.11245716183091492,0.10676140775346568,15,0.17688735461671948,0.6945707587681007
Iridopsis defectaria,offset,50.7871022822971,118.55582721183423,0.428381324450221,0.6770728423241802,0.019635388177970725,0.26853780591123905,-0.03576891471675725,15,0.1924245055421222,0.44393167352529744
Anageshna primordialis,duration,-68.86301584892732,76.961303361651,-0.894774553457485,0.3919411585617024,0.04370831903867778,0.2646041118603157,0.05926853686908354,14,0.11908474982655737,0.23568817549976523
Anageshna primordialis,onset,0.655950808092453,0.563935757486981,1.1631658382783012,0.27756853148516786,0.22856103974410835,0.5219404157869509,0.08794721974438602,14,0.0064982837932509585,0.31194393333961573
Anageshna primordialis,offset,13.39776641385772,47.26200291774555,0.28347859986330026,0.7825921932192837,-0.24276674963081413,0.04403504478515188,0.007670809012012066,14,0.07788168042444885,0.8335915749561578
Elaphria grata,duration,-107.23649795404232,72.78776772483329,-1.473276366427927,0.18301377369425403,0.4845069259296867,0.7145987143289642,0.09068010131230797,14,2.9635397203581925e-4,0.40938438495188867
Elaphria grata,onset,0.6184915874718034,0.877456321490978,0.7048688035215925,0.496980439006118,0.20564092782982446,0.3380071024450352,0.03279507724674641,14,0.08784568159998488,0.3619822237874551
Elaphria grata,offset,-31.058134224736804,54.70978886431648,-0.5676887970041855,0.589481614726151,0.4156770866978402,0.7106041210941146,0.0022624386959049225,14,1.2770235356828662e-4,0.29806697197056387
Polistes dominula,duration,-68.87752191615355,190.1328164480404,-0.36226004118008975,0.7246966805383289,-0.24024790052105094,0.04601443828412661,-0.001070498787680306,14,0.10022810632817226,0.7909952090240524
Polistes dominula,onset,1.4330342580436066,1.1523261875227946,1.2436012246881782,0.24201037623259508,0.07521447440343976,0.3210846075092497,0.09602882417002537,14,0.14821184243976834,0.13078808716581436
Polistes dominula,offset,124.66650695390842,96.25446551805288,1.295176346187562,0.22599415046530874,0.09193055791299687,0.3396677960094774,0.18756547149062866,14,0.020979536560158635,0.31706605392699927
Polites coras,duration,54.7721048195682,28.373862067710732,1.9303718573404391,0.08243157104517343,0.15461397837856894,0.35076996829390283,0.20742057336058714,14,0.5829094531883144,0.4426017866581296
Polites coras,onset,-0.17816915345614137,0.265255476999837,-0.6716888769699216,0.5182590785824517,-0.06456008028115567,0.23336759510455238,0.1795288439544632,14,0.002480335384408585,0.7473722458055867
Polites coras,offset,26.58182358004318,17.1434485641195,1.5505528820891845,0.15958654860962496,0.8365133775799395,0.8993409531209491,-0.008017166747660731,14,0.028025025591621927,0.08141549100873358
Agrotis ipsilon,duration,-144.41215069363466,64.95939328082126,-2.2231142164357496,0.17314882478108484,0.9368244855461364,0.9907240285355692,0.05202277694231905,13,1,0.06649069413149922
Agrotis ipsilon,onset,0.10620718436052859,0.3475472758982362,0.3055906109062027,0.7668666108461366,-0.07450142421904538,0.19472254526920307,0.008812135446217173,13,0.05227597530582186,0.420455389393215
Agrotis ipsilon,offset,-65.68371574241311,34.48233366959146,-1.9048512311200345,0.2129603645265713,0.961523955989922,0.9943105355888033,0.00407023234062609,13,3.3884147060287783e-57,0.04185190089190399
Panoquina ocola,duration,-81.22563214947434,42.93626356035,-1.8917722552943128,0.1704526347866189,0.9139018035960034,0.9816266604455944,-3.3148244758451906e-4,13,0.9999999939344504,0.03093072556140819
Panoquina ocola,onset,0.3350569114328176,0.5252802536584767,0.6378631389609835,0.5394507873822771,0.0015557209696733798,0.23483452864031895,-0.7647334174460795,13,2.3104624250692337e-95,0.21571945595261927
Panoquina ocola,offset,-26.41731238340012,34.27709434237896,-0.7706987097426957,0.46063805551885373,0.006572737576261312,0.2549372719219578,0.04917462875744669,13,0.08545228738345241,0.3102544962494263
Acrolophus plumifrontella,duration,-16.42966270219305,16.090699941619054,-1.0210657561078036,0.33710525347609177,0.45050931853476806,0.6003753694446704,0.0520824580010214,12,0.08255672918035013,0.04141039859769885
Acrolophus plumifrontella,onset,0.04001485784442355,0.10247167037248513,0.39049678510137786,0.7063618156980398,0.23308837470874288,0.4280722044750662,0.010952432888301056,12,0.03785685191969348,0.13071872041550214
Acrolophus plumifrontella,offset,-7.310300371196664,11.916649251935512,-0.6134526758861615,0.5657288789576951,0.552243021214931,0.7909554329808742,0.0017155588375222797,12,3.3198653104169463e-7,0.1689572614742923
Cyaniris neglecta,duration,18.714089121562125,86.74724426034132,0.21573122329279273,0.8345961647609388,-0.055945940048620635,0.23206567482671536,0.004446415406525822,12,0.042779654925546785,0.46248707253823085
Cyaniris neglecta,onset,0.07075834723771889,0.48487791756461096,0.14593023248638703,0.8875866619886659,0.24714444768791188,0.40166363474726174,0.0015798143414348376,12,0.03466325206732839,0.14698819540902724
Cyaniris neglecta,offset,25.96653043876815,59.09517073891074,0.43940190228895804,0.6719977162187165,-0.3340170528828863,0.029814681799263436,0.023406299209729628,12,0.04744262420869304,0.9874735675742581
Halysidota harrisii,duration,9.499607145597897,73.0498807073964,0.1300427468683881,0.8997430577972051,0.0491096991250799,0.30845798669942565,0.0014653476802248266,12,0.04186439836563276,0.2761617388341111
Halysidota harrisii,onset,-0.4423319911514621,0.2676251814768082,-1.6528040773689063,0.143955100805189,0.24258242663585994,0.5516325465226201,-0.448202376192114,12,1.3483465220460175e-89,0.32938393051033715
Halysidota harrisii,offset,-60.52511176064567,69.76360945909647,-0.8675742586990502,0.41089481329568933,-0.1087296333059169,0.1936572361046542,0.07586750811384838,12,0.06891250250447323,0.7988036834485326
Melanolophia canadaria,duration,31.9003239246863,96.06151344491262,0.3320822541795559,0.7771213328392897,0.9371157369776404,0.9905566537497471,0.0011262342382974966,12,0,0.054402821367760645
Melanolophia canadaria,onset,-0.5017255875394496,0.08677675614372946,-5.781796990756777,0.8144730000574719,0.997445241935905,0.9999968365633346,0.002742328839074215,12,1.5282479364645746e-53,0.016944166912763292
Melanolophia canadaria,offset,-6.597135881407514,37.850427375577496,-0.17429488486209885,0.8831345678424074,0.9559396619198082,0.9942983088827899,-0.0024882833569099816,12,6.355182411875934e-82,0.15041479595857588
Sphecius speciosus,duration,164.33896904013798,119.25346973794834,1.378064465556114,0.20549670031194076,0.16201827809944047,0.39056985695796315,0.14468115743761725,12,0.13407732317228085,0.2271261183113844
Sphecius speciosus,onset,-1.5530071348322025,0.3030255219547829,-5.125004404955503,0.008405878324370739,0.8392294128911638,0.9509918700417869,0.6406601651948404,12,7.110466372981013e-63,0.036345562856851865
Sphecius speciosus,offset,61.7644865819317,70.60020204434596,0.8748485810725541,0.4081021543817901,-0.0626053289159405,0.2558183015220447,0.1300486727785113,12,0.012188082264926242,0.5071082749798147
Burnsius communis,duration,217.73347723626785,137.17443865898287,1.587274417630792,0.15647258880204706,0.2164276092355083,0.45150211451586514,0.19738951939708,11,0.12184954214976018,0.6135357810051989
Burnsius communis,onset,-1.0069168299256375,0.5372249058872396,-1.8742929058039306,0.10302657823824139,0.30047494028767097,0.5199075668724942,0.24397924592027054,11,0.16457481846448693,0.9824352905580362
Burnsius communis,offset,27.91369178093849,46.89602414770881,0.5952251238403173,0.5704265452777925,0.32503140808909137,0.5275232932473873,0.023913482657350826,11,0.03244940815994088,0.07266589836023973
Colias eurytheme,duration,23.300673794955085,48.6326773929309,0.47911558737956716,0.6633654218235391,0.7573275011669696,0.9240863988661272,0.024312933284835747,11,0,0.11828361110956276
Colias eurytheme,onset,0.6891824188771088,0.20852286550360366,3.3050688096610608,0.18928914189418616,0.9764686364621604,0.9987198696356306,0.024337881081114565,11,0,0.08146950194454988
Colias eurytheme,offset,60.330517592324036,42.330866137248876,1.425213398580485,0.1971224218601045,0.09722792983880624,0.36806673275320306,0.1833790273025343,11,0.09398031490986343,0.7118974283234825
Eremnophila aureonotata,duration,1.2708009103867242,70.65829271452536,0.017985162980388332,0.9865743427366831,0.8335077399996732,0.9381276964949788,-0.0024024990246581668,11,7.792328628134526e-20,0.0628380532691778
Eremnophila aureonotata,onset,-0.8206285661683537,0.3200718672153024,-2.563888458264101,0.03734018833316687,0.41419213114631837,0.5283509817902564,-0.15281069501693467,11,0.9999974966969571,0.4126090395935371
Eremnophila aureonotata,offset,-30.68824121891232,32.80115517357985,-0.9355841602685565,0.38168070379130015,0.4310368028359439,0.6152072618482765,-0.013625695916721026,11,0.19080545178560276,0.06140942014902201
Papilio cresphontes,duration,-2.0578406921898083,77.60879416130979,-0.026515560696801818,0.9801531927304681,0.8011948197097415,0.922841390789404,-0.005143039558674678,11,7.310087232363135e-14,0.04623367317356608
Papilio cresphontes,onset,0.14279863590647418,0.35614600321025436,0.40095532343282136,0.7123740426265628,0.7642620604850198,0.9194455403707095,0.005240443133550987,11,1.3796582851494893e-37,0.10002804394431886
Papilio cresphontes,offset,-11.728158107854538,50.239210421513576,-0.233446306370139,0.8238802111880141,0.6915636773230869,0.8308208661664951,-0.009935206435328081,11,0.001010158133943295,0.04311116980021773
Phoberia atomaris,duration,75.88933174261892,0.2641606178267039,287.2848056117292,0.9983084098349664,0.999992659796863,0.9999999998841913,0.1469513898625825,11,1,0.0021450512298129
Phoberia atomaris,onset,-1.089601871148154,0.0043774466352472,-248.91265661006122,0.9974895395221242,0.9999946708393341,0.9999999998262685,0.298743457754275,11,1,0.0021572528981527728
Phoberia atomaris,offset,-16.12501976114662,0.08769810499032127,-183.86964875610764,0.9990262972190614,0.9999984893774712,0.9999999999860544,0.012079397825612403,11,1.901748451202903e-19,9.249729250437877e-4
Chlorochlamys chloroleucaria,duration,-69.48193362146124,133.86137383806755,-0.5190588713478596,0.6223019542375112,0.34848895065946706,0.5656708335204401,-0.06680948170181955,10,0.31288627581342005,0.089853109063249
Chlorochlamys chloroleucaria,onset,0.23244631300623045,0.8280736864195796,0.28070728102867337,0.7987529431822894,0.7516427446545044,0.9506255322123021,-0.010605765202555517,10,0,0.07156151900309166
Chlorochlamys chloroleucaria,offset,59.42351984225974,69.62844689635742,0.853437387892799,0.4424891543872982,0.791057129472143,0.909118957828493,0.04124777875499397,10,1.054548772279347e-18,0.04029217371722904
Elophila obliteralis,duration,8.98525018617035,45.78860495041381,0.1962333247737251,0.8509052424691056,0.6667320287150909,0.7778230325126877,0.0014267025387763033,10,0.011338262037449288,0.014014393009332049
Elophila obliteralis,onset,0.3494868932397974,0.33283726121766405,1.0500233416211326,0.3341488387066676,0.37979436686809287,0.6380098750198687,0.06676498743817838,10,0.019488670229189424,0.03985254048045189
Elophila obliteralis,offset,67.41049302799671,55.18508141316943,1.2215347210108454,0.2690743306409801,0.1292614972395726,0.4373062053027312,0.18515212087796679,10,0.005271038455557953,0.3617242873487062
Eristalis tenax,duration,-53.10653870625593,87.8625991375796,-0.6044271308557477,0.5732672431553201,0.4754741572045934,0.7232344195291938,0.05256535541267171,10,2.639703390807775e-5,0.15646458621016496
Eristalis tenax,onset,0.7587081263857374,0.20939781722946413,3.6232857458792096,0.0113834394590675,0.8105213028716005,0.8747684390967401,0.02205942376089265,10,0.9999999744569967,0.036546107246822834
Eristalis tenax,offset,94.32495951311476,50.24499384675651,1.8773006481162853,0.11921352563152218,0.715005602049639,0.8414623546000167,-0.12009339328157287,10,1,0.6318090666613483
Noctua pronuba,duration,216.02011536944363,24.067720382971203,8.97551209387848,0.03513360549280372,0.9698466519928631,0.9954188490688011,0.9646620029663063,10,1,0.1523069837649832
Noctua pronuba,onset,0.2582366908970808,0.24885319982534815,1.0377069335588942,0.3394059475311683,0.003752513767322996,0.3698013634689177,0.11744810059732658,10,0.019567640816073425,0.37841739731624924
Noctua pronuba,offset,175.9957406544883,31.562930300916822,5.5760266545776345,0.0014117495816318487,0.7954504542494978,0.8636346216286627,0.7066511480351051,10,0.9901271410662013,0.019059428567401282
Polistes exclamans,duration,192.07542444663733,100.13707681384376,1.9181249399131977,0.10353548127257574,0.5589212751293394,0.7059507230930253,0.10751204404404424,10,0.7869001508805833,0.29397292651471757
Polistes exclamans,onset,-0.3872572307092213,1.1709636746468868,-0.33071669010227983,0.75210229711167,0.45375218277563734,0.6168991150695151,0.007021865382497716,10,0.009344202343419712,0.10509235817008761
Polistes exclamans,offset,147.12784036468338,158.430412271158,0.9286590765974279,0.3888987724766445,-0.2770929760551595,0.1486107725040617,0.12237874922650144,10,0.02127014562571494,0.7846410634081671
Vernia verna,duration,120.73164550677579,13.865382018680402,8.707415731071656,0.11703178950729957,0.9973853729412233,0.9997763160880075,0.05172243686401912,10,1,0.04436726885741954
Vernia verna,onset,-0.898816589933047,0.49959483465851956,-1.7990910385360597,0.19420298187810453,0.721434820068503,0.9334174004970239,0.7361537180631013,10,1,0.199688771617634
Vernia verna,offset,-4.928814600480991,20.64455777339291,-0.2387464364498686,0.8217441448360094,0.9310004324664274,0.9653493245700393,0.0019569423615583004,10,1.6104729739977195e-8,0.006341846050605615
Vespula squamosa,duration,466.4886234723589,2.3696472072532373,196.85994693407818,0.9962477390034565,0.999980301842176,0.9999999991700856,0.5591328048428343,10,1,0.004394403693472215
Vespula squamosa,onset,-3.9591355508251063,0.9302809667689851,-4.255849245820667,0.005345698928414189,0.7523348725636476,0.8131566543033673,0.48452398425130583,10,0.8470221768974541,0.01079994122621819
Vespula squamosa,offset,-180.5308527837742,99.05366250032307,-1.8225560592793366,0.11820167327383121,0.4437057536311747,0.629142270097352,-0.25219667889866915,10,1,0.052880764293044225
Anicla infecta,duration,-245.59990852910104,151.0742084470079,-1.6256905202667324,0.16494506708436626,0.3287568700506479,0.5804821269999964,0.22176124485385967,9,0.016435933057824245,0.887809451448196
Anicla infecta,onset,0.09191113660555741,0.5291383947484818,0.17369961718473675,0.8689150263259255,0.7645451664624866,0.7859559360485849,0.0012614475030170436,9,0.001848014555687472,0.16312167708171593
Anicla infecta,offset,-309.566445722871,116.95561528717965,-2.6468711652941455,0.14785546592942467,0.8586860546428833,0.97171997898905,0.7639817430942248,9,1,0.11133517472748494
Cercyonis pegala,duration,64.37298424897158,33.4485031637508,1.924540058902684,0.1122735903728919,0.5759151354381404,0.7349484391602116,0.13603375070844503,9,0.4135598302923054,0.04289980231029977
Cercyonis pegala,onset,-0.030206503677845546,0.16847107924416063,-0.17929785820430383,0.8678036639580757,0.2990227929118797,0.7020410005637586,-0.05842662899063,9,2.219146865471328e-19,0.4379722518112833
Cercyonis pegala,offset,53.41762305453344,17.103110977695284,3.1232693937493057,0.05565020551540508,0.858197391442958,0.9491981862105672,0.3008343859939606,9,0,0.04563212283202467
Clogmia albipunctatus,duration,452.5075429315603,52.631974901391,8.597578635028592,3.51134577874005e-4,0.926423660546481,0.954015348275636,0.67981652678584,9,0.9983666023505131,0.005111642828583451
Clogmia albipunctatus,onset,-3.7006159207789513,0.5824307204357977,-6.353744386989073,0.0014267814462797677,0.8508304452000854,0.9154910807594512,0.6290680765581946,9,0.9679585048632691,0.024791990275568387
Clogmia albipunctatus,offset,128.6849758458999,41.98215228933671,3.0652305522360117,0.07158292956957693,0.8731864386198522,0.96131410901243,0.31619079150624174,9,1,0.09236484385053745
Coleomegilla maculata,duration,42.887289012216335,122.97741854162163,0.34874117151598166,0.745643577936921,-0.04155057419301711,0.5024445542534908,0.06850652040717925,9,7.38125996399532e-12,0.7490219823293289
Coleomegilla maculata,onset,0.2992419231045104,0.7542529539901457,0.3967394778123998,0.7564908738533629,0.9168529686912408,0.9868140249064139,0.007819647256429585,9,1.6091498236563646e-10,0.23019952170869318
Coleomegilla maculata,offset,57.2219177974283,46.1653935605816,1.239498104187881,0.2790918202625934,0.4813972931927153,0.723967045481104,0.10019467318860686,9,3.82993527644907e-6,0.38591954542632695
Hemaris thysbe,duration,-14.957860770849097,88.52957403085577,-0.1689589149681861,0.880931492077,0.9479095742857637,0.9865490964920772,-1.966690534292992e-4,9,1,0.04078439987663157
Hemaris thysbe,onset,0.004797310147719832,0.6292006797514924,0.007624451629032833,0.9946192771909106,0.8593237255120841,0.9680348363660735,-0.005367642156366426,9,0,0.09246594823004484
Hemaris thysbe,offset,-40.297603896125736,26.609818417898364,-1.5143885337083194,0.3576939079055054,0.9944585605964086,0.9992492490421593,0.002536303628878911,9,1.8869197447171615e-137,0.0732509811113553
Horisme intestinata,duration,-27.00708886797852,415.93215407389505,-0.06493147645223987,0.9507447123366948,0.2708138268323642,0.5442646557508085,3.8786766783560633e-4,9,0.0024806927821242673,0.20726125743442048
Horisme intestinata,onset,-1.4070418573800036,1.659381450773232,-0.8479315329964402,0.4530907808013865,0.6074585154654761,0.8418088487594191,0.2380320001548868,9,5.189197984429248e-35,0.15631498009137934
Horisme intestinata,offset,-81.377519975807175,306.6116470178421,-0.26540909573168214,0.8012895468692085,0.3443276376355592,0.5902065000323368,0.005772959621370366,9,0.002632896410721537,0.26626939015520856
Libytheana carinenta,duration,101.90965641772645,117.75386877419962,0.8654463541503216,0.4263605799804632,0.2578759190656075,0.5361778801299651,0.06947679233225618,9,0.004624152782401022,0.15189394211320073
Libytheana carinenta,onset,-0.5246501536543308,1.3336733079508811,-0.3933873089658127,0.71024819463007,0.32222302241308964,0.3200186342671731,0.016766904623108758,9,0.0021172757489809273,0.3111292245965616
Libytheana carinenta,offset,44.75682329108425,45.619089065379704,0.9810985753560383,0.3716009827443342,-0.14449586261192704,0.28469593956702915,0.13767564952908085,9,0.005447814902425573,0.5348161502080848
Limenitis archippus,duration,-89.6189465835395,72.07907516583789,-1.243342070876274,0.26886187924788235,0.670614655768226,0.7941400311883402,0.0636568282644897,9,0.00824820740470272,0.019552379827703525
Limenitis archippus,onset,0.4880612894972489,0.25229888208873497,1.9344568055818612,0.16165879240037556,0.7986371606994535,0.9393352427684991,0.3083898602359524,9,0,0.06181206910190695
Limenitis archippus,offset,-57.019219567683905,40.11697218130737,-1.4213241046703966,0.21807424053358468,0.662649866922139,0.8019221920004279,-0.056567655220519764,9,0.9999499663416479,0.03582841646106677
Megachile xylocopoides,duration,71.85021324124472,52.35200421179726,1.3724443662283636,0.2282907290923072,0.12122460425791381,0.45077016993763447,0.20690620560756615,9,0.010338454670506612,0.24320927155117733
Megachile xylocopoides,onset,-0.05228790320273318,0.21362431799597056,-0.24476568816345828,0.8163657315600223,-0.35340247722284546,0.1469941585517239,0.010081908554685826,9,0.001894668705810608,0.7302396609451676
Megachile xylocopoides,offset,64.17151991332818,62.49686312809125,1.0267958534463502,0.35160210197425906,0.05738153578924632,0.4108687845087804,0.12422747766823022,9,0.005827139736252539,0.2701682990210414
Pasiphila rectangulata,duration,-23.146125127708558,45.79475263529033,-0.5054318190567472,0.6347423487415297,-0.22965597573510999,0.2314771111813429,0.039267033503304544,9,0.003090629743909714,0.6253910287391247
Pasiphila rectangulata,onset,-0.14265735677337377,0.2084041906601233,-0.6845224960280526,0.5527278667924672,0.5313967848921429,0.861411288771266,-0.13761473451036643,9,1,0.3610620819016307
Pasiphila rectangulata,offset,-40.031743243584806,26.561234512765687,-1.5071491961092778,0.1921313409896711,0.47573089630341203,0.6723328213493384,0.14885791722527697,9,0.013195169872184158,0.1483251558661987
Ancyloxypha numitor,duration,-180.51246299911932,192.03213548293942,-0.9400117461858694,0.5193882876076726,0.9866820982062661,0.9980930310126364,0.0011462987853950724,8,0.03193256681555416,0.10516669838136006
Ancyloxypha numitor,onset,0.2779071888396785,0.5371893404361515,0.517335635539681,0.63690881357868,0.7220797782840018,0.8458859626008979,0.0698165106571873,8,1.3111681914840018e-16,0.14132599639020693
Ancyloxypha numitor,offset,-115.71882047995219,81.89648921473022,-1.4129887811984319,0.23053439868692036,-0.13643351224170708,0.3506206726553086,0.32412976746425654,8,4.4604921382940314e-4,0.564452959664601
Anticarsia gemmatalis,duration,-127.57706309079506,99.54405512232826,-1.2816140846785622,0.26922596503812474,0.16128536615591949,0.5207373501281685,0.19680490125204925,8,3.498248276325328e-4,0.5064633446805695
Anticarsia gemmatalis,onset,0.40090400703075835,0.48112567146599045,0.8332625565565924,0.4515606953134326,-0.13321722311310236,0.3471367656111992,0.10843050733411685,8,1.1056349500802001e-4,0.6522757349988055
Anticarsia gemmatalis,offset,-27.754478867717225,31.53898109665012,-0.8800055646269797,0.42855124308539116,-0.16923927459404142,0.331864252255432,0.12934763378310035,8,1.7949415735890383e-4,0.6273082503750842
Argyrotaenia quercifoliana,duration,61.28445565291001,62.40808950073989,0.9819953814189977,0.39010567820333547,0.4903717207662204,0.7499246156687085,-0.056875820308072256,8,0.9999999999999993,0.365396930837931
Argyrotaenia quercifoliana,onset,0.024202388311225956,0.411247436069573,0.05885115915259227,0.9558934816321083,-0.19182866211190386,0.3463487131848718,5.62147713325245e-4,8,6.017927793881715e-5,0.46286790475562367
Argyrotaenia quercifoliana,offset,69.3771401090574,48.928169808986866,1.4179385899759236,0.22918905027645045,0.717881757548785,0.8387919765963777,-0.05695356241296856,8,1,0.048290161419759725
Hypsoropha hormos,duration,-96.5467545304456,43.071145480960396,-2.241564589293872,0.16347790230868112,0.7832362906383246,0.9422995444654856,0.1731551349275977,8,1,0.46773435161583543
Hypsoropha hormos,onset,1.4006128715911714,0.18524208170282566,7.560986460074998,0.001639988224404638,0.9261212200708695,0.9494095580368819,0.7465074435027663,8,0.7879550467158278,0.17896499577417146
Hypsoropha hormos,offset,101.23427887966042,0.14928293053787453,678.1370014301555,0.9992734145796667,0.9999916425055005,0.99999999992811,0.9610333374133541,8,1,0.0020927210338288482
Lambdina fervidaria,duration,397.55341819072544,110.68654544905586,3.5917049951992746,0.029723072479819364,0.8386328483265956,0.9210182210895406,-0.075043135096998,8,5.609422166783665e-55,0.046996635171689394
Lambdina fervidaria,onset,-2.148791006884936,0.8137803577822769,-2.6405048811215406,0.05755260613186621,0.7048628051044161,0.8937637520505187,-0.09705438866823157,8,3.1673396007002718e-43,0.01583450870961889
Lambdina fervidaria,offset,106.33592623688199,27.821473976843063,3.8220809697354525,0.4797603495262101,0.9998998676222325,0.9999959082497127,1.0054076332866035e-4,8,9.676137538735507e-7,0.007684775657045617
Lethe eurydice,duration,103.54707445492772,82.85899344324503,1.249678159871121,0.2795465210062116,0.7807826784444118,0.8747349680077559,-0.08708386178125349,8,1,0.02347390504791158
Lethe eurydice,onset,-0.7097433005312251,0.5041241452163707,-1.4078740470298292,0.23193301144431877,0.6030491759706186,0.7506608681799793,0.12581844262811448,8,3.07487363288782e-4,0.0765593018055451
Lethe eurydice,offset,-8.551252049013176,45.226305916236605,-0.18907695147268722,0.8592386900784558,0.7318588557041936,0.8467773016254779,0.001368608567745233,8,9.162353308231271e-5,0.0317504449042561
Phalaenostola larentioides,duration,-86.3174043377286,109.70299524101767,-0.7868281458322001,0.47538401331687047,0.42506749350679085,0.6714803452784176,0.05086325260255009,8,1.5668294476901996e-4,0.11013079402389853
Phalaenostola larentioides,onset,1.1036356132226635,0.5500780754652544,2.006325397152416,0.11528285382572669,0.7932916239203748,0.8837609777771064,0.11112795195509007,8,8.748099336671344e-4,0.013503686888140076
Phalaenostola larentioides,offset,17.35348936351019,53.41968262126993,0.32485197425341145,0.7619301874233809,0.03551921834249405,0.4613199579004792,-0.054328893035639814,8,0.0013202021127557617,0.3395272856215922
Thorybes lyciades,duration,-48.249207780043086,70.86909415118245,-0.6808215676796265,0.5333556012269255,0.528468242428427,0.7305555390778544,0.031223688633323143,8,1.3702952293271988e-4,0.07911707575926985
Thorybes lyciades,onset,0.9244226332068219,0.580698161288889,1.5919158950925885,0.18662260431490094,0.3200883456086622,0.6409626771471355,0.18424579375403677,8,3.1481424121008745e-4,0.2767218717850039
Thorybes lyciades,offset,58.77569461403373,11.033962542591224,5.326798454060259,0.019836876310459547,0.9810259751473834,0.9931669401916696,0.1269775860368031,8,1.842939219356061e-175,0.004134810724369387
Vanessa cardui,duration,-12.694175911082246,20.87449157611638,-0.6081190463870425,0.6029302427318332,0.8286279284780435,0.9491320936382437,-7.774326457167247e-4,8,4.3063836873074696e-173,0.11667411024711066
Vanessa cardui,onset,0.1563938210820118,0.16145186019901694,0.9686715339744599,0.4314169937432518,0.6192274225228842,0.9072493810658455,-0.001221320513457913,8,2.7715052199069386e-63,0.2405103841664814
Vanessa cardui,offset,19.336189830983432,22.307797054348686,0.8667906465113745,0.4349592893486856,-0.05882895725869952,0.39497745133453005,0.11362804682214211,8,1.7576409567602428e-4,0.43183536529623645
Xenox tigrinus,duration,99.45586875432225,105.79801565115642,0.9400541980130717,0.4004145229565061,-0.3890362631788513,0.20626771365811322,0.17535665510778656,8,1.9640911976597295e-4,0.7138689117565713
Xenox tigrinus,onset,-0.3208023959833996,0.24441423418828218,-1.3125356509976114,0.2595845463758351,0.5899522977385336,0.760840893450295,0.10266949567904093,8,2.4975647933809283e-4,0.1302088317221144
Xenox tigrinus,offset,40.014308263883905,62.36958800073844,0.6415676220822581,0.5560707631585611,0.4812177701494118,0.7035548322574376,0.030501149780527648,8,1.3084976334887025e-4,0.09791688306928947
Zale lunata,duration,-35.01683028624711,210.80990318230428,-0.1661061921553336,0.8761313684130472,0.4335491743085572,0.6763161252270867,0.0022331664477867053,8,9.084409982364158e-5,0.10982331268596024
Zale lunata,onset,3.7654886032092394,2.295830883659631,1.640141976488671,0.21322726898166605,0.7860602072906216,0.8720373780984725,0.32180949283957283,8,1,0.175083688136345
Zale lunata,offset,257.88496379828484,278.98072227268983,0.9243827376223331,0.42859688299774246,0.16362985823329002,0.6692199160230651,0.617758318367883,8,5.591475503210409e-131,0.6161493623767077
Arogalea cristifasciella,duration,52.349382046676176,111.14699594496417,0.4709923250880989,0.6722003235049492,0.02306185314051834,0.5485545033544698,-0.01259081971082876,7,7.58058860018071e-17,0.48200879791819257
Arogalea cristifasciella,onset,0.20844114995174476,0.9717403953061173,0.21450291760906132,0.8453181571540782,0.19268713758984402,0.755203190811943,-0.046718338282995764,7,5.867757318030212e-17,0.22810624778341482
Arogalea cristifasciella,offset,10.685362192478358,0.15422978252581132,69.28209336410168,0.9998370406743835,0.9999997167865045,0.999999999999265,2.273523416332912e-4,7,1,4.1115622252951844e-4
Augochlora pura,duration,-12.036075240995693,94.02817182605159,-0.12800499049648606,0.9062440172371713,-0.04143653777429601,0.47929570560214685,0.002861497529735968,7,7.68527165382309e-10,0.4847165856236102
Augochlora pura,onset,0.036503884066845065,0.6791850364656794,0.05374659644565017,0.9605159938875045,0.5801451301979365,0.7011650631487779,2.664361372900492e-4,7,4.6261020622691973e-10,0.14560792621507723
Augochlora pura,offset,123.35157547425813,123.14300051007747,1.0016937622383466,0.4155083111335333,0.6305941905957021,0.8674301096477327,0.18209533014741575,7,1,0.21229924374118858
Bombus perplexus,duration,59.21305572516341,103.17723832278469,0.5738964977907085,0.6321862173958775,0.7066862388088604,0.9161007742680606,0.001593871843303507,7,0,0.25218290875910665
Bombus perplexus,onset,-0.40550424519904793,0.19147733884919327,-2.1177662465761617,0.2325602888459088,0.9485168711521069,0.9904903697988485,0.037514051051509845,7,0,0.1328891389577302
Bombus perplexus,offset,10.18780669803691,72.85617694821363,0.13983449481954607,0.9023302449703821,0.46400122673549515,0.8321980321014649,-0.003396523686231112,7,1,0.4922591211899403
Clepsis peritana,duration,77.74513345426391,260.17800632678086,0.2988151633255919,0.7845845396574759,0.6783465012181763,0.8391739353135829,0.004786543872580484,7,8.399788962152861e-10,0.29280844148875995
Clepsis peritana,onset,-1.702953010679037,2.5910982364643114,-0.6572321291078509,0.5579551739784242,0.6257976206716724,0.6539446336768504,0.040976577731529296,7,7.024300783945236e-10,0.4279585426254914
Clepsis peritana,offset,-111.60338271001575,160.91590904137783,-0.6935509569865967,0.5378392376131149,0.07101745373082269,0.5355108737391455,0.07447150709875588,7,1.2757166303861197e-9,0.4573584604031788
Clossiana toddi,duration,-81.09935641974879,158.588069854654,-0.511383715648197,0.6443429878527116,-0.7183269907913168,0.14084366562744177,0.07489268333330508,7,1.0145653452016079e-9,0.9834431634917826
Clossiana toddi,onset,1.4073426771219335,0.956997481989764,1.4705813793739808,0.5272210282977415,0.9855719035497893,0.9983576391794567,0.01067982767723541,7,5.523601875199926e-7,0.12137991480621269
Clossiana toddi,offset,-12.55008492139131,95.30537108191164,-0.13168287137358659,0.9035703614200254,-0.3020494977150663,0.34897862715512484,0.0037604518319369062,7,7.733236516627001e-10,0.5602874176401293
Elaphria versicolor,duration,294.5284363029898,117.79818141986574,2.500279993739529,0.08768599016876552,0.7247662186722796,0.8623847250539812,-0.1308643452187629,7,5.219046392720568e-42,0.10987157838747841
Elaphria versicolor,onset,-0.269281197053361,1.7518696800272684,-0.1537107469370493,0.8875966575680871,0.30164733418498935,0.5704271957661324,0.002977739001431612,7,4.915410605061672e-10,0.17670921892659786
Elaphria versicolor,offset,242.0215350595849,139.01639103045247,1.7409568272173637,0.18006253224189497,0.31619480483016815,0.6581001891777677,-0.2647296745562028,7,2.2328500359423062e-44,0.8658622376116853
Eristalis dimidiata,duration,1070.9803685875377,484.8781694816337,2.20876177975281,0.11423466339455626,0.3803387740627696,0.6901734737820063,0.5038502749826799,7,2.2198214392410724e-8,0.2457752155757531
Eristalis dimidiata,onset,-3.9481384130359896,1.9985064289173342,-1.975544514597756,0.14267573622794996,0.0031542236207854346,0.5608731104248673,0.45303272859473054,7,5.584414773512629e-9,0.3344227631597728
Eristalis dimidiata,offset,291.9523493500659,107.9307034647051,2.7049981143274815,0.0734754160136552,0.5984923013946901,0.7992483028397697,0.4896397676451524,7,5.7079344968503e-8,0.10917306308868158
Erynnis baptisiae,duration,133.4121111802657,59.91326636802507,2.2267540941728057,0.15800237606342565,0.8818434646237995,0.9612711273684722,0.10205031841208634,7,1,0.0950813470701472
Erynnis baptisiae,onset,-0.5476535450248099,0.3382095903456427,-1.6192726659972005,0.20382650966023658,0.8102022995564097,0.8790654024149139,0.10581752636467479,7,4.145924703453546e-9,0.04947459702282536
Erynnis baptisiae,offset,-0.3514833181597523,0.1955288151184028,-1.7976036828480293,0.9997654701700949,0.9999981916359391,0.9999999999889291,9.78654194572215e-7,7,0.9999999935787054,0.0010514854008701335
Erynnis juvenalis,duration,-44.16970935290691,4.991647615428861,-8.848723458839759,0.17607107123036203,0.9940745659404658,0.9994234767905782,0.14140960188888874,7,1,0.05320333106569941
Erynnis juvenalis,onset,-0.0779024940335727,0.036395015645646414,-2.1404715082981816,0.5407461925964483,0.9986349408189477,0.9999413592165899,9.89839242161783e-4,7,2.1427637399292924e-21,0.03823500171524136
Erynnis juvenalis,offset,-43.25236083127426,8.340789333140147,-5.185643600830591,0.057741034164113095,0.9805176292135633,0.9949371968394151,0.09832864522141727,7,1,0.02429741766347404
Eumenes fraternus,duration,59.113032611095306,205.433331900461,0.28774801082298296,0.7922733255387302,0.04441567435554494,0.5222235965309143,0.013203853067126015,7,8.281832512939077e-10,0.40126090432777
Eumenes fraternus,onset,-0.8354611469352764,1.1326526316179104,-0.7376146257144011,0.5142054107968069,-0.2743318314588985,0.3066619170580472,0.11162205804868036,7,7.810486994896497e-10,0.7683067153132184
Eumenes fraternus,offset,-75.4254611677541,25.807565756360727,-2.9226104422174792,0.12871497277238447,0.986134067519001,0.9963001162003648,0.003573969650565667,7,0.18623250043839643,0.00884367028371652
Hymenia perspectalis,duration,-85.55935929656046,189.60787415039405,-0.45124370324776747,0.6824372661225229,-0.5120512094518193,0.243987496477686,0.05125155205602655,7,9.542851709503027e-10,0.9831595511093068
Hymenia perspectalis,onset,0.47489433481701115,0.9669291370215553,0.4911366475932606,0.6570158222634931,-0.1319224424992851,0.3893735026381302,0.04733879504433669,7,5.969010098285581e-10,0.8146675316968184
Hymenia perspectalis,offset,12.66332611308678,58.854036613301744,0.21516495455172757,0.8434362230830148,0.5527520483725368,0.7763783244008859,0.0034521698775140663,7,7.984153736093143e-10,0.12987732216431763
Panopoda carneicosta,duration,-70.8015472867254,40.09150054093442,-1.7659989357204342,0.17680341426773602,0.8408962765480292,0.9215027837932552,-0.06418641392784519,7,3.315980086674532e-44,0.029617824970521456
Panopoda carneicosta,onset,0.6840015814634314,0.4048575866296361,1.6894868814429709,0.1958352622224585,0.6236454610693654,0.8281134024943408,-0.1137195646327197,7,1.573633476361435e-55,0.1400673254830549
Panopoda carneicosta,offset,32.16051330731093,24.65674347148333,1.3043293143924726,0.3198934138703022,0.5255952801696318,0.8387554024308718,-0.1506103171840104,7,1,0.39305448616702415
Scolia bicincta,duration,-7.310212256748841,70.8028067946675,-0.10324749240448766,0.9242816289273333,0.08619934811917696,0.5431129261413804,-0.026673796967218277,7,9.263254850166557e-9,0.5703222645975773
Scolia bicincta,onset,0.27410323891643273,0.2836098225671771,0.9664800620631093,0.4149824313071805,-0.08871563037029517,0.5251282111067425,0.06872368512493221,7,1.2573470165175653e-38,0.5620959879860792
Scolia bicincta,offset,53.59479266393573,14.650632931401551,3.6581895754867286,0.035290550352433454,0.8881272387861621,0.9440644315481206,0.24951840799522074,7,2.8778549795138347e-7,0.11953602077453818
Sphex ichneumoneus,duration,-113.2055443468036,104.03224923794832,-1.0881774178300578,0.35612430107245296,0.22783522467505657,0.6139214204006473,0.1524030369840894,7,2.4267109743212285e-9,0.26876372842737173
Sphex ichneumoneus,onset,1.0403982201823467,0.3104048285826339,3.351746249995524,0.06284630958733413,0.9326288928246862,0.9733632253503146,0.11344246347851361,7,1,0.045708199000536465
Sphex ichneumoneus,offset,19.10221422061368,92.84625986968891,0.20574026619299385,0.8501642354828173,-0.9069591411178892,0.046532922433666184,0.013469377734744867,7,7.941936752813341e-10,0.9540038654945013
Agapostemon virescens,duration,96.86348727043794,71.94340376530654,1.3463845495332079,0.3104765061675706,0.570350908713645,0.8281423256641105,0.15576434104817038,6,1,0.17465493528281806
Agapostemon virescens,onset,-0.14444188858028847,0.3800034417586881,-0.380106790380106,0.7404371848256782,-0.7587882982667897,0.3122034611981324,0.048628226238715044,6,1,0.6947068872335751
Agapostemon virescens,offset,76.5768175577201,106.396664070618,0.7197294974106918,0.5464343669166238,-0.07918725191797527,0.5683277986214681,0.11180575642284352,6,1,0.43722092233405707
Atalantycha bilineata,duration,5.259975316210784,38.000737012895556,0.1384177184359822,0.9025894238249639,0.4059017468114203,0.762361955214862,0.002276555999422003,6,1,0.3738126957915072
Atalantycha bilineata,onset,0.7558997633104101,0.5491596905140613,1.3764662198764481,0.30252283005172886,0.8712167556168576,0.944071923038215,0.05210052394846809,6,1,0.07544239773623773
Atalantycha bilineata,offset,61.61855213432462,0.011702011915487762,5265.6374458798555,0.9998075569816396,0.9999999858405266,0.9999999999999634,0.11753732838398112,6,1,8.485932834190191e-5
Bleptina caradrinalis,duration,-69.10175383799185,212.63072171011686,-0.32498480596891105,0.8114481836293017,0.2211258088490835,0.8798279901089795,-0.1178944508447256,6,4.485178885719582e-11,0.6868352833702953
Bleptina caradrinalis,onset,1.2131290700232509,0.5023205422080573,2.415049690563485,0.2900602088068792,0.9404792310266407,0.992853919168063,0.12573743886753053,6,1,0.1538800315646095
Bleptina caradrinalis,offset,48.966801446294824,166.7138130367076,0.2937177223312213,0.8069569451029535,0.5709155537291029,0.8813562935531115,-0.04033912871957712,6,3.09815386233873e-8,0.4341283700470018
Epipaschia superatalis,duration,-129.24714258291297,0.14526776531586671,-889.7166023162889,0.9998688837746028,0.9999999210888368,0.9999999999998438,0.016400455517779133,6,1,1.8259224776051575e-4
Epipaschia superatalis,onset,0.7192962410235456,0.6597760868768575,1.090212657491779,0.4316713074154035,0.5443061657008963,0.8834634474937763,0.2313089620354125,6,1,0.394677916255433
Epipaschia superatalis,offset,51.608136137468684,77.3537459483873,0.6671704841793072,0.5733382461848819,0.10131213350583246,0.6405445202692646,-0.051716949541682156,6,1,0.42715555293057994
Euclea delphinii,duration,-74.056653260076,109.61572124457442,-0.6756024812794956,0.6177284298372269,0.8961869194679803,0.9782955220073337,0.004030855492661467,6,0.3563980152194178,0.22103221574553328
Euclea delphinii,onset,-1.4044219393477435,0.7193460485409405,-1.952359288267937,0.3024597472259103,0.9958828128585173,0.9991752107769383,3.1632485772170593e-4,6,0.6192047088914905,0.04717457013035792
Euclea delphinii,offset,-287.58261269188455,35.23260766523751,-8.162399315553072,0.01467985908603318,0.9515186197865629,0.9806074983249414,0.0035960857298302784,6,1,0.029014042958299235
Halictus ligatus,duration,30.123834992605786,20.461264808843293,1.4722371893445396,0.36523181255591625,0.9309776355013637,0.9849511697100497,-0.007165579412688139,6,0.024999032003515248,0.15544513753513273
Halictus ligatus,onset,-0.34465814888001983,0.12484820787415356,-2.760617511045363,0.20965370201846814,0.8695037306199392,0.9681348179250941,-0.028586081821057152,6,3.374583018388469e-4,0.31408860446789233
Halictus ligatus,offset,-33.151232234322805,8.593776665654395e-4,-38575.85962969451,0.9998312666230313,0.999999999985624,1,0.15396172980139622,6,1,0
Helicoverpa zea,duration,-124.3367332708797,139.25291794587673,-0.8928842217813024,0.46613809349207247,-0.10162376426284347,0.5593583646606264,0.17565938776464346,6,1,0.8916502437224818
Helicoverpa zea,onset,1.116462338636499,0.20272565753272678,5.507257207718091,0.03142697753274182,0.9493814869507631,0.9736786624797964,0.15159901173798052,6,1,0.06966939085650015
Helicoverpa zea,offset,122.20131468543192,105.10072398243628,1.1627066879753691,0.36492519828470016,0.38742982907276236,0.7549740929156863,-0.07550808501791995,6,1,0.2794012517548163
Hypsopygia costalis,duration,77.93636143407855,56.59722492137842,1.377035032059314,0.30237545929254583,0.5464377344323784,0.8185781587642937,0.17201282962935383,6,1,0.20035019285328126
Hypsopygia costalis,onset,-0.8806635948171093,0.0015169925096435034,-580.5325927575392,0.9991646293543417,0.9999966938261108,0.9999999999561544,0.2809900097933996,6,1.061206796938541e-56,0.0012245691705886075
Hypsopygia costalis,offset,-42.02624177901508,0.11952350579757423,-351.6148685446944,0.9998355934028373,0.9999987616820111,0.9999999999966516,0.03492145471765651,6,1,7.526163286096788e-4
Limenitis arthemis,duration,-8.611514538626768,18.475576128665097,-0.46610262536094293,0.8585610625034044,0.933270983088389,0.9978290497015468,-8.25912863868683e-4,6,8.248155357298015e-8,0.19832927539181533
Limenitis arthemis,onset,0.5164737109134878,0.0029108915439706724,177.42801581984716,0.9982567069164686,0.9999628071577689,0.9999999985295889,0.5709846594599122,6,1,0.006875730376983247
Limenitis arthemis,offset,77.79892024775053,11.796931951984147,6.594843520705855,0.022229310077456214,0.9380782281048078,0.9752314408507434,0.5386193596540004,6,1,0.03154948727109541
Phosphila miselioides,duration,-103.10167733735088,172.33896685925143,-0.59824936412409635,0.6104002790980283,-0.8254184389323453,0.2698413115716929,0.13063192360997178,6,1,0.9318562597667921
Phosphila miselioides,onset,0.06923138485125913,1.7956298259782897,0.038555488358264875,0.9727473496780159,-0.46516810077771154,0.39500060195164394,4.424153748245896e-4,6,1,0.6165424348639923
Phosphila miselioides,offset,10.552265997218107,121.77633787682308,0.08665284390381109,0.9465891759986074,0.8583956417584353,0.975530037986013,0.002890509127798313,6,5.243721119513171e-4,0.31405872341317304
Satyrium calanus,duration,131.05421830342576,0.3080013144279047,425.4988929084659,0.9996944210596029,0.9999982855660046,0.9999999999912939,0.0766860266495194,6,1,9.85157589152963e-4
Satyrium calanus,onset,0.06651938957241725,0.33049408671657593,0.20127255598815824,0.8716962058352521,0.7814242085164509,0.9611743354625998,-0.0062642249849781395,6,3.0183316738221336e-5,0.26425388653540133
Satyrium calanus,offset,83.7089664163632,33.0510838945663,2.532714711668661,0.26259982634217227,0.9464368278525301,0.9904263113329232,-0.006519642047134622,6,5.587524806032183e-6,0.1803569250499239
Scolia nobilitata,duration,626.5776842020878,0.8194717428638126,764.6117021831444,0.9997103027728365,0.999994649176321,0.9999999999755381,0.7058985188710869,6,1,0.0015433160586588168
Scolia nobilitata,onset,-0.9410118815576968,0.009468523409599213,-99.38317104477943,0.9966905049664907,0.9998164809555186,0.9999999872286627,0.7082453398048936,6,1,0.009163061550383655
Scolia nobilitata,offset,486.543896296062,0.5859555855923271,830.3426202588846,0.9995679929828785,0.9999949240243645,0.999999999965056,0.7247228550408026,6,1,0.0015088773179913195
Sphex pensylvanicus,duration,72.19098160140248,19.39429927702786,3.7222784164680385,0.48276127583602835,0.9587729127951888,0.99763621228365,0.14549419580257394,6,6.383107117911055e-33,0.162588418016064
Sphex pensylvanicus,onset,-0.19104677291205596,0.2770145462853753,-0.689663324449551,0.6267399187715299,0.6490651190991178,0.9373337023378872,0.014024868575181038,6,1.2345653779400523e-14,0.4087244693013558
Sphex pensylvanicus,offset,34.10400163791274,68.24142129915158,0.4997551485396266,0.6668120069152452,-0.7996798463262624,0.2801318780751291,0.08989592535660623,6,1,0.8267604352425981
