"","grid_id","mean"
"1",29,0.327296173530282
"2",43,0.727991101652965
"3",68,0.379194363501516
"4",77,0.50632580503328
"5",78,0.594922480835249
"6",88,0.457418488637423
"7",404,0.0682574320159687
"8",532,0.338488507629545
"9",550,0.67377082030989
"10",607,0.602910892362158
"11",608,0.574003606967694
"12",777,0.412431268067086
"13",779,0.407457810251234
"14",836,0.412385513129205
"15",855,0.709386033311882
"16",935,0.620442406021272
"17",936,0.733025699630409
"18",993,0.112230119618305
"19",1019,0.752421109452276
"20",1020,0.6976071827898
"21",1021,0.66248795755511
"22",1080,0.0939908406627272
"23",1106,0.761170189410714
"24",1195,0.879582054937504
"25",1217,0.306676687929026
"26",1286,0.682618541811333
"27",1291,0.382664181437763
"28",1325,0.564287798402344
"29",1408,0.350368756113815
"30",1414,0.604763859411656
"31",1529,0.518239582136419
"32",1561,0.46955952151378
"33",1591,0.722132990769367
"34",1597,0.350294664247791
"35",1605,0.627110259078432
"36",1656,0.422021119327948
"37",1796,0.777815841600786
"38",1800,0.495580626916829
"39",1898,0.485710436276943
"40",1899,0.563365693521143
"41",1936,0.384191365948869
"42",1996,0.540229766338079
"43",2001,0.642662846334235
"44",2088,0.731706654362775
"45",2090,0.568091748996913
"46",2093,0.675572306390173
"47",2094,0.8685290941042
"48",2095,0.740133048775186
"49",2135,0.572510863588412
"50",2144,0.241262044179391
"51",2199,0.919191916830436
"52",2200,0.807532147261293
"53",2201,0.735184167586233
"54",2256,0.368150596226111
"55",2305,0.687618786787946
"56",2306,0.816806427929809
"57",2307,0.766855982597734
"58",2308,0.797559927171212
"59",2309,0.766414936728964
"60",2310,0.780681030711885
"61",2311,0.780953629301443
"62",2312,0.709555834543479
"63",2416,0.64096725614119
"64",2417,0.725974683567408
"65",2418,0.804958368714518
"66",2419,0.770867308289997
"67",2420,0.817722332034667
"68",2525,0.648436977188566
"69",2526,0.748751333595817
"70",2527,0.770422524067273
"71",2529,0.780388752811715
"72",2598,0.391324778042996
"73",2635,0.783149160343527
"74",2689,0.116689706830776
"75",2742,0.734246010779401
"76",2743,0.738785837210099
"77",2744,0.688622393324854
"78",2745,0.674416150297704
"79",2748,0.834654561327755
"80",2762,0.530089928363314
"81",2766,0.318238805355684
"82",2800,0.10404659044485
"83",2821,0.604530502220929
"84",2853,0.694884563782003
"85",2854,0.766592205746051
"86",2855,0.779125081023914
"87",2860,0.770962352080518
"88",2861,0.742884483345496
"89",2871,0.649579004678301
"90",2872,0.686245335525695
"91",2873,0.627982539579676
"92",2930,0.523612674219046
"93",2960,0.736324966296114
"94",2964,0.801005554040625
"95",2968,0.762831633292248
"96",2969,0.762920249500957
"97",2979,0.472616604212883
"98",2981,0.713757549507482
"99",3056,0.495836513228836
"100",3064,0.683558822156399
"101",3065,0.402059472127197
"102",3070,0.594714976236405
"103",3078,0.74493595087987
"104",3141,0.442892124781599
"105",3143,0.458083080908257
"106",3144,0.429013564855252
"107",3162,0.615599473561841
"108",3163,0.673987398854055
"109",3176,0.61601248878803
"110",3183,0.637158111755289
"111",3241,0.335814062637236
"112",3242,0.37862455318272
"113",3260,0.590958971403746
"114",3334,0.362397166497817
"115",3348,0.297177566057938
"116",3436,0.244745894827182
"117",3465,0.455312453943389
"118",3529,0.486806205502121
"119",3667,0.373398211070195
"120",3676,0.624194920163794
"121",3702,0.5359637300603
"122",3706,0.482071955255881
"123",3725,0.62809918372909
"124",3730,0.535969383519594
"125",3828,0.750885538376587
"126",3881,0.479023145291017
"127",4011,0.386683127460384
"128",4042,0.190120338210005
"129",4085,0.445648944118749
"130",4163,0.374759747734901
"131",4214,0.37821800558211
"132",4215,0.392984644047583
"133",4270,0.464356329224958
"134",4356,0.15566990695022
"135",4413,0.441353114526642
"136",4418,0.658097842859987
"137",4472,0.432866821579719
"138",4501,0.370418241550577
"139",4604,0.162007477706995
"140",4608,0.390606919049846
"141",4620,0.478207465890467
"142",4624,0.370034989616917
"143",4719,0.232478144458543
"144",4731,0.64384148529055
"145",4789,0.524592292421879
"146",4836,0.515143985999404
"147",4893,0.561414563588147
"148",4894,0.746540823325517
"149",4895,0.808240711873483
"150",4992,0.446897325186438
"151",4997,0.707097254290852
"152",5024,0.350048155861701
"153",5051,0.64343757452325
"154",5098,0.62728153958627
"155",5099,0.678648944780837
"156",5100,0.607061281989256
"157",5104,0.421224608420558
"158",5188,0.429108046392012
"159",5199,0.517888216926844
"160",5200,0.633051897797171
"161",5201,0.569196201594847
"162",5252,0.807856199622123
"163",5327,0.457559623383418
"164",5352,0.64419520700728
"165",5403,0.456082032810739
"166",5430,0.1721108363106
"167",5431,0.109776061826313
"168",5454,0.584776461847367
"169",5505,0.487828553132809
"170",5557,0.519808650700924
"171",5565,0.64318924991025
"172",5654,0.282103985680688
"173",5765,0.388738934265063
"174",5788,0.450461944655158
"175",5955,0.0669478860330289
"176",5977,0.503682266593992
"177",5979,0.164500898762258
"178",6012,0.612825556845338
"179",6078,0.44452130616538
"180",6086,0.289823473170553
"181",6087,0.579898527529394
"182",6090,0.303307476731465
"183",6095,0.294597403691696
"184",6149,0.210629469894926
"185",6192,0.0670559732167935
"186",6193,0.0878495161321625
"187",6195,0.161303563149946
"188",6196,0.35633460926824
"189",6201,0.523220486350194
"190",6300,0.0723489924009037
"191",6304,0.115357475491991
"192",6341,0.692501086206346
"193",6399,0.302926323853663
"194",6405,0.325984334791427
"195",6411,0.0777336330700159
"196",6416,0.603736095701798
"197",6417,0.588651653946656
"198",6442,0.508795457889602
"199",6447,0.665817537633205
"200",6460,0.239786981140353
"201",6492,0.473098745723437
"202",6509,0.413515584105865
"203",6512,0.217043155516209
"204",6513,0.388303004476783
"205",6522,0.544794864147251
"206",6554,0.781697162717942
"207",6600,0.455420967633377
"208",6605,0.00601569971074701
"209",6606,0.00807016639866738
"210",6611,0.00158064378801614
"211",6614,0.0759307069200127
"212",6619,0.466278522587819
"213",6621,0.542839010300643
"214",6627,0.358362952680852
"215",6628,0.576152899527988
"216",6629,0.641592405105689
"217",6630,0.501628641799104
"218",6634,0.316336120095633
"219",6713,0.0235817918494959
"220",6714,0.00730956656254953
"221",6716,0.000222681649765707
"222",6717,0.000803420220958178
"223",6718,0.0114388971638776
"224",6720,0.00533905721774412
"225",6725,0.43561863510671
"226",6733,0.488600827104545
"227",6734,0.492461136727091
"228",6735,0.558171466571855
"229",6736,0.467099517763656
"230",6768,0.62225170229897
"231",6771,0.50701684174377
"232",6818,0.255323295023415
"233",6819,0.0903689374399971
"234",6820,0.0340101125539864
"235",6821,0.0521085260637045
"236",6822,0.0179977895554125
"237",6823,0.00309148646210308
"238",6829,0.0254687470883926
"239",6838,0.616412409525336
"240",6839,0.575336731461513
"241",6840,0.55979304566236
"242",6841,0.472995956572033
"243",6842,0.442735103297423
"244",6869,0.54055182153378
"245",6871,0.715122929807495
"246",6872,0.735360399999471
"247",6918,0.767239908674553
"248",6926,0.396099366119951
"249",6927,0.231359372136349
"250",6928,0.023862779583768
"251",6929,0.00121592775428938
"252",6934,0.00987620718318607
"253",6943,0.639524839995918
"254",6944,0.701067266366801
"255",6945,0.602502526135887
"256",6946,0.491460689832075
"257",6979,0.651199509689932
"258",7023,0.73192764744591
"259",7033,0.263915376271323
"260",7035,0.0198089786094357
"261",7047,0.502548818814283
"262",7048,0.567202721985196
"263",7049,0.521966704517
"264",7050,0.454665804115966
"265",7051,0.460477848532137
"266",7053,0.526751549215689
"267",7079,0.704182031716626
"268",7081,0.583856815577931
"269",7084,0.709944153612477
"270",7087,0.504598345594126
"271",7141,0.17866684887677
"272",7142,0.0357597141845669
"273",7143,0.0153001887970389
"274",7153,0.563312944693932
"275",7156,0.223485538540156
"276",7158,0.353541729689056
"277",7184,0.720745349851707
"278",7185,0.578870498711867
"279",7186,0.545913696476498
"280",7229,0.531702966562611
"281",7250,0.396607372680133
"282",7255,0.106678110252949
"283",7262,0.512338705303695
"284",7265,0.135604143975093
"285",7266,0.102950704931687
"286",7293,0.626207065885003
"287",7294,0.540606161312715
"288",7348,0.652498872958753
"289",7349,0.612986629191452
"290",7371,0.404487995584719
"291",7377,0.130685707826507
"292",7378,0.0913349191200099
"293",7401,0.48380271954727
"294",7455,0.60056862123396
"295",7460,0.879793910523388
"296",7461,0.732991110250789
"297",7464,0.435525323230687
"298",7465,0.485759083698599
"299",7489,0.135231811423271
"300",7490,0.113018257076118
"301",7572,0.480990437018644
"302",7573,0.605848221968438
"303",7577,0.681335383606553
"304",7578,0.769326300504027
"305",7579,0.756497500283942
"306",7610,0.171149225996659
"307",7686,0.290948443343233
"308",7715,0.13018640315598
"309",7849,0.353977558511265
"310",7972,0.108108124312428
"311",7980,0.488746134524569
"312",7985,0.494697993040937
"313",8011,0.437488348939368
"314",8052,0.43885551682193
"315",8057,0.476278219889594
"316",8079,0.154721827807509
"317",8091,0.292621768012097
"318",8133,0.375737450237601
"319",8145,0.691668587117375
"320",8320,0.120041833820803
"321",8324,0.15105534649044
"322",8328,0.410283322239917
"323",8377,0.48059427221911
"324",8383,0.671871495977924
"325",8384,0.625913886378177
"326",8387,0.563878119280823
"327",8394,0.244025467735505
"328",8451,0.215596582615325
"329",8499,0.491877256124872
"330",8500,0.402847442213028
"331",8502,0.310333387582179
"332",8504,0.531028282332186
"333",8507,0.557364402596034
"334",8509,0.577187812069022
"335",8520,0.328315961712612
"336",8552,0.458161556762362
"337",8570,0.339754625290295
"338",8573,0.344945353119409
"339",8574,0.44768659814851
"340",8575,0.419103339259475
"341",8576,0.351487126389173
"342",8577,0.346315265200698
"343",8609,0.656466597733965
"344",8624,0.451600843703776
"345",8628,0.611139276725468
"346",8629,0.723765954266638
"347",8630,0.673439166948314
"348",8631,0.593918192926339
"349",8632,0.609838708491849
"350",8633,0.693925405088426
"351",8696,0.215145146388274
"352",8701,0.414946931493674
"353",8746,0.370622038860274
"354",8747,0.413749042810433
"355",8748,0.506706661034659
"356",8749,0.475737594490643
"357",8752,0.675684870408984
"358",8753,0.749987928028928
"359",8754,0.71840333187542
"360",8755,0.738045250883374
"361",8756,0.763156202211052
"362",8760,0.50260872439579
"363",8814,0.589884111856134
"364",8815,0.666087796819542
"365",8817,0.44011372274451
"366",8826,0.459063339172028
"367",8827,0.58860649965354
"368",8828,0.585169197291844
"369",8873,0.42984835150216
"370",8874,0.526865938105043
"371",8875,0.55418994982809
"372",8876,0.396944963347327
"373",8877,0.512161551323073
"374",8878,0.677469365159823
"375",8879,0.679929074099859
"376",8880,0.585354686323932
"377",8881,0.672438556228478
"378",8882,0.723677075116319
"379",8883,0.77376039487192
"380",8884,0.694016075690334
"381",8885,0.667862031722112
"382",8887,0.551562861621578
"383",8941,0.630317872608256
"384",8943,0.557702965059473
"385",8944,0.579169126916525
"386",8978,0.650893613195091
"387",8980,0.832464726615687
"388",9000,0.473872846383219
"389",9001,0.630442801523774
"390",9002,0.665313461849645
"391",9003,0.593480149121416
"392",9004,0.679041902850413
"393",9005,0.675468511041883
"394",9007,0.506243930570377
"395",9008,0.711841557301476
"396",9009,0.704913828644225
"397",9010,0.789720292765347
"398",9012,0.556334802950081
"399",9067,0.545849896710494
"400",9070,0.542805366156687
"401",9107,0.685453130648103
"402",9112,0.590121738274032
"403",9115,0.784598599727566
"404",9116,0.863555417197152
"405",9127,0.420526271474143
"406",9128,0.45434793641161
"407",9129,0.584504489207043
"408",9130,0.642900766211971
"409",9131,0.662960154322121
"410",9132,0.710155076268285
"411",9134,0.643906158148764
"412",9136,0.627401150171779
"413",9137,0.656397906390208
"414",9138,0.750498727985302
"415",9139,0.661848015282451
"416",9191,0.425032765446584
"417",9197,0.548551646832855
"418",9203,0.413989588614497
"419",9223,0.424079351041987
"420",9235,0.567249737417487
"421",9236,0.676254569923284
"422",9244,0.708161420398531
"423",9249,0.584958896486718
"424",9256,0.387978203442787
"425",9258,0.474947458750186
"426",9259,0.485951989949927
"427",9260,0.646420648967249
"428",9261,0.792064755395138
"429",9266,0.535828049081777
"430",9267,0.683241431985921
"431",9268,0.639059639130663
"432",9322,0.382552595949879
"433",9323,0.454030945957507
"434",9325,0.584394780121759
"435",9379,0.606281071867183
"436",9386,0.579172689478109
"437",9387,0.5130566702124
"438",9388,0.531917382321672
"439",9389,0.682160222700469
"440",9390,0.729440464618358
"441",9394,0.457008379750984
"442",9396,0.579419242053814
"443",9397,0.662901471743944
"444",9398,0.543470034589876
"445",9470,0.53280055843512
"446",9514,0.457916676842582
"447",9515,0.462259861715337
"448",9516,0.587363331329892
"449",9517,0.583203196172546
"450",9579,0.522121706409242
"451",9598,0.189584793262462
"452",9635,0.418434322077456
"453",9639,0.494994756798963
"454",9641,0.37359184208051
"455",9761,0.403803520438963
"456",9763,0.418161287100162
"457",9878,0.373587773925208
"458",9988,0.551009551503373
"459",10007,0.374086553800635
"460",10079,0.197386236183188
"461",10128,0.404460020424828
"462",10433,0.300652172003154
"463",10715,0.545292950789063
"464",10723,0.751094462010855
"465",10945,0.189747784772727
"466",11117,0.248417314385734
"467",11331,0.442861275769996
"468",11337,0.27105707890445
"469",11783,0.682716920444097
"470",11787,0.204669290465242
"471",11902,0.489518154699141
"472",11903,0.629958942762594
"473",11904,0.4211462416886
"474",11905,0.384060522596346
"475",11983,0.525075918860734
"476",12020,0.543316592185582
"477",12021,0.672525845698012
"478",12136,0.373745118762056
"479",12137,0.461799263322298
"480",12249,0.285647153576315
"481",12261,0.799943185740838
"482",12306,0.162081369164391
"483",12365,0.0722386474224747
"484",12369,0.143823910050117
"485",12374,0.610827344476728
"486",12424,0.295806059239067
"487",12539,0.118018323353526
"488",12540,0.0876263971546036
"489",12634,0.212426412285812
"490",12732,0.568964042986993
"491",12838,0.185541098172011
"492",12845,0.651033965281884
"493",12846,0.690109631683868
"494",12958,0.662580191962231
"495",12971,0.506162148037182
"496",13058,0.246935264342729
"497",13146,0.617649427404111
"498",13150,0.129316781827917
"499",13210,0.395965705640429
"500",13285,0.347002933469232
"501",13431,0.404775789645232
"502",13539,0.57109703875528
"503",13540,0.669837081429359
"504",13649,0.571698877800096
"505",13757,0.438387497954147
"506",13760,0.66742036208311
"507",13761,0.670073812555119
"508",13867,0.406773836567568
"509",13870,0.542902486164123
"510",13871,0.616133606710926
"511",13872,0.67457724594472
"512",13917,0.355202708666323
"513",13940,0.0700492953015167
"514",13973,0.371098250210174
"515",13975,0.469968590424794
"516",13978,0.624570301429673
"517",13980,0.746761516497356
"518",14082,0.418486026081807
"519",14088,0.778944954443514
"520",14089,0.784964867627728
"521",14173,0.365715040423885
"522",14280,0.319251774420776
"523",14389,0.229966954590593
"524",14414,0.581287246865242
"525",14444,0.600091465250922
"526",14723,0.121637942595018
"527",14755,0.356599163456232
"528",14811,0.404125524787277
"529",14823,0.159140007043991
"530",15100,0.0639888023441848
"531",15183,0.23191382033416
"532",15196,0.505594379671872
"533",15292,0.629092230645409
"534",15294,0.589345528832091
"535",15311,0.45478002845658
"536",15386,0.140582590248353
"537",15387,0.195198509788808
"538",15391,0.675936585098803
"539",15392,0.749952617944347
"540",15394,0.49659929204653
"541",15472,0.0464979421298284
"542",15490,0.665669946850943
"543",15506,0.433487738404525
"544",15596,0.0552015227499033
"545",15599,0.335140066741964
"546",15606,0.561921605910339
"547",15694,0.0484985334398897
"548",15771,0.085114814103196
"549",15791,0.0879188042699962
"550",15792,0.0676516131082028
"551",15888,0.198254076065324
"552",15889,0.00660686259115455
"553",15898,0.733293546207782
"554",15984,0.0426313963363709
"555",16146,0.369094993994042
"556",16181,0.283968996989893
"557",16182,0.570555996235665
"558",16202,0.372349454832736
"559",16213,0.497272658046528
"560",16269,0.0147548259674022
"561",16270,0.103614809363863
"562",16277,0.726056517732921
"563",16289,0.090714960753954
"564",16367,0.815144712863297
"565",16368,0.511505409025997
"566",16382,0.575754929452924
"567",16447,0.293982225061341
"568",16453,0.537267035951625
"569",16454,0.525139417173473
"570",16455,0.664327459712596
"571",16456,0.708151852405339
"572",16457,0.582439542868758
"573",16462,0.113329706875053
"574",16469,0.493855493557677
"575",16516,0.335363159482163
"576",16518,0.0985293034074739
"577",16533,0.396597372470824
"578",16537,0.380372537006731
"579",16538,0.410656477371539
"580",16541,0.52458074113341
"581",16543,0.572518005507375
"582",16544,0.756396404895787
"583",16549,0.129855540385893
"584",16606,0.0751739849418044
"585",16625,0.620616008817302
"586",16630,0.523571977221227
"587",16631,0.584164345378721
"588",16632,0.773758797339671
"589",16633,0.802551290693573
"590",16634,0.836114275001205
"591",16658,0.54542194590708
"592",16717,0.345007262825088
"593",16719,0.660462853048502
"594",16720,0.734045424055677
"595",16721,0.81069451044889
"596",16722,0.819294497961789
"597",16723,0.838857687959465
"598",16727,0.369474886754653
"599",16806,0.333512413653166
"600",16807,0.683050836341441
"601",16808,0.822930511132448
"602",16809,0.846030979320921
"603",16810,0.801544246471189
"604",16813,0.358856617237604
"605",16822,0.262881575640016
"606",16889,0.479719655554055
"607",16891,0.41188124268663
"608",16895,0.579892824159116
"609",16896,0.808398837061547
"610",16897,0.881711506919902
"611",16901,0.499862567819252
"612",16979,0.433672286911139
"613",17036,0.307685134137691
"614",17131,0.242401747442273
"615",17137,0.643732839690946
"616",17143,0.388837209220038
"617",17265,0.39457747007414
"618",17272,0.263962013869443
"619",17350,0.221041975222601
"620",17420,0.66712698640974
"621",17421,0.494672487157716
"622",17428,0.281879506573126
"623",17458,0.485078750473851
"624",17499,0.630969520622087
"625",17500,0.662315603494499
"626",17501,0.56061746015132
"627",17502,0.29262923210606
"628",17512,0.233507457621524
"629",17538,0.443060569638641
"630",17540,0.610403118216393
"631",17679,0.276540635586798
"632",17680,0.171870307920192
"633",17691,0.213555112069008
"634",17766,0.393160809566202
"635",17786,0.423970019892067
"636",17850,0.385374041349202
"637",17859,0.0720080412902581
"638",17860,0.126956826253877
"639",17874,0.497833826940038
"640",17944,0.199312362319498
"641",17945,0.250484633365718
"642",17946,0.193770694298652
"643",17947,0.163998483753012
"644",17961,0.387756514076709
"645",17966,0.254158900560966
"646",17971,0.359241749142822
"647",18011,0.214350287794403
"648",18012,0.193049229712821
"649",18032,0.36622263232404
"650",18037,0.363358209001192
"651",18042,0.803728889673496
"652",18131,0.335959581187888
"653",18132,0.478626218423309
"654",18243,0.446929353396577
"655",18425,0.711476650523702
"656",18465,0.578311364292464
"657",18474,0.340221511854042
"658",18505,0.562336280913266
"659",18527,0.371694491221808
"660",18591,0.681384066109707
"661",18592,0.605784114695938
"662",18606,0.328136105770603
"663",18648,0.507443860710832
"664",18656,0.65237380503607
"665",18678,0.588346340294267
"666",18679,0.638152286931827
"667",18680,0.670242165940173
"668",18718,0.336609382173357
"669",18765,0.651357565632923
"670",18766,0.764692141360883
"671",18767,0.769796219274688
"672",18778,0.525865147364125
"673",18805,0.321313310936714
"674",18841,0.392469916271042
"675",18842,0.396773466953111
"676",18847,0.823238107502646
"677",18856,0.639644004573815
"678",18920,0.348935789195039
"679",18927,0.869391717587342
"680",18928,0.830509539432358
"681",18929,0.815560577288771
"682",18930,0.749598981015981
"683",18935,0.504460087247418
"684",18937,0.436774842852167
"685",18981,0.553687107853234
"686",18983,0.481367321020395
"687",19000,0.415183049681261
"688",19007,0.837494935688352
"689",19008,0.740251899702586
"690",19024,0.632492515251327
"691",19053,0.416060514171103
"692",19082,0.572213125019454
"693",19085,0.604573154726827
"694",19086,0.705618987010243
"695",19150,0.551113648036833
"696",19158,0.462622560218999
"697",19161,0.612960472663701
"698",19162,0.522207904204046
"699",19208,0.760058976309583
"700",19209,0.72533645403536
"701",19236,0.625938186268554
"702",19237,0.539784461862666
"703",19239,0.54915217277905
"704",19289,0.792393640710646
"705",19314,0.54080470982317
"706",19320,0.600802151468436
"707",19365,0.840564722278475
"708",19366,0.814576549816028
"709",19384,0.517729359761807
"710",19397,0.647379076081121
"711",19460,0.38470435349943
"712",19467,0.530060663213285
"713",19487,0.474905383757836
"714",19506,0.73712386167415
"715",19510,0.752732593526739
"716",19513,0.53952599099206
"717",19524,0.567203643629306
"718",19535,0.413194276620502
"719",19536,0.454621338231928
"720",19555,0.385751363820546
"721",19573,0.515649429567869
"722",19574,0.493374727026478
"723",19576,0.662890185073857
"724",19577,0.619113170902747
"725",19592,0.620993865115399
"726",19733,0.375437583389165
"727",19734,0.303574617459252
"728",19745,0.353870502717311
"729",19803,0.595880763650241
"730",19844,0.280694979445994
"731",19882,0.403774700591485
"732",19915,0.430082542499714
"733",19918,0.401447656821934
"734",19989,0.443509410332745
"735",19990,0.629285273580971
"736",19991,0.722156834639391
"737",19992,0.524760315550967
"738",19994,0.218472810989818
"739",20063,0.557731770697385
"740",20064,0.647755444860976
"741",20135,0.12363150879295
"742",20184,0.405093048819735
"743",20217,0.473848953452383
"744",20256,0.7785509907952
"745",20258,0.64971557885708
"746",20336,0.831594496230517
"747",20361,0.576260947014975
"748",20414,0.565892097155443
"749",20418,0.835137949062315
"750",20554,0.657362087836598
"751",20583,0.808539384809575
"752",20600,0.19938639559255
"753",20644,0.539612115583227
"754",20645,0.594259358953157
"755",20666,0.630528539155752
"756",20731,0.493423341747297
"757",20739,0.455620063431073
"758",20747,0.446280429650433
"759",20753,0.592411992315661
"760",20756,0.506482759378841
"761",20835,0.428781872699682
"762",20858,0.225618401210729
"763",20899,0.491515072246751
"764",21176,0.635920928827288
"765",21179,0.492651114328986
"766",21181,0.433503085748471
"767",21245,0.497524362771366
"768",21252,0.379046299287818
"769",21254,0.434498524174562
"770",21263,0.390363451658303
"771",21331,0.394970860441493
"772",21332,0.362124432813629
"773",21333,0.320726067323241
"774",21336,0.368657183406472
"775",21350,0.486046686678114
"776",21419,0.284505600877292
"777",21433,0.406943278308573
"778",21493,0.0590318741220403
"779",21581,0.490419454493287
"780",21844,0.332103993539049
"781",21908,0.407855050891845
"782",21913,0.59798969214755
"783",22058,0.403505381345328
"784",22140,0.430287273500819
"785",22142,0.340996441167944
"786",22370,0.509186343113674
"787",22600,0.417339588788552
"788",22638,0.382834052812851
"789",22665,0.308381048133172
"790",22734,0.402987054990529
"791",22766,0.216947567528205
"792",22852,0.392947334895309
"793",22853,0.573741468747195
"794",22903,0.704354234388593
"795",22904,0.691474120351522
"796",23032,0.192148116058228
"797",23055,0.210395047136265
"798",23129,0.484086656183074
"799",23208,0.396594342021549
"800",23209,0.359138628951984
"801",23249,0.468389098305773
"802",23255,0.305517892331719
"803",23276,0.425816621535063
"804",23278,0.425697873351931
"805",23279,0.457555701911665
"806",23280,0.494279874347635
"807",23281,0.417939361975048
"808",23282,0.413474845223339
"809",23352,0.555477569703732
"810",23353,0.669530669510316
"811",23354,0.461965688772199
"812",23355,0.39670208356168
"813",23422,0.492127975365596
"814",23423,0.469952178863216
"815",23424,0.569179826036262
"816",23425,0.475729021730327
"817",23493,0.431749243226453
"818",23494,0.398459022850148
"819",23495,0.532735066590238
"820",23569,0.479049836707284
"821",23635,0.62125310151159
"822",23697,0.219045743579938
"823",23872,0.392034107207141
"824",23884,0.357558006949588
"825",23893,0.509956251522911
"826",23976,0.31639305250146
